-- --------------------------------------------------------
-- Host:                         127.0.0.1
-- Server version:               10.1.35-MariaDB - mariadb.org binary distribution
-- Server OS:                    Win32
-- HeidiSQL Version:             9.5.0.5196
-- --------------------------------------------------------

/*!40101 SET @OLD_CHARACTER_SET_CLIENT=@@CHARACTER_SET_CLIENT */;
/*!40101 SET NAMES utf8 */;
/*!50503 SET NAMES utf8mb4 */;
/*!40014 SET @OLD_FOREIGN_KEY_CHECKS=@@FOREIGN_KEY_CHECKS, FOREIGN_KEY_CHECKS=0 */;
/*!40101 SET @OLD_SQL_MODE=@@SQL_MODE, SQL_MODE='NO_AUTO_VALUE_ON_ZERO' */;


-- Dumping database structure for airduino_db
CREATE DATABASE IF NOT EXISTS `airduino_db` /*!40100 DEFAULT CHARACTER SET latin1 */;
USE `airduino_db`;

-- Dumping structure for table airduino_db.administrator
CREATE TABLE IF NOT EXISTS `administrator` (
  `id` int(11) NOT NULL AUTO_INCREMENT,
  `name` varchar(50) DEFAULT NULL,
  `username` varchar(50) DEFAULT NULL,
  `password` varchar(200) DEFAULT NULL,
  `timestamp_created` timestamp NULL DEFAULT CURRENT_TIMESTAMP,
  `timestamp_modified` timestamp NULL DEFAULT CURRENT_TIMESTAMP ON UPDATE CURRENT_TIMESTAMP,
  PRIMARY KEY (`id`),
  UNIQUE KEY `username` (`username`)
) ENGINE=InnoDB AUTO_INCREMENT=3 DEFAULT CHARSET=latin1;

-- Dumping data for table airduino_db.administrator: ~0 rows (approximately)
/*!40000 ALTER TABLE `administrator` DISABLE KEYS */;
/*!40000 ALTER TABLE `administrator` ENABLE KEYS */;

-- Dumping structure for table airduino_db.air_quality
CREATE TABLE IF NOT EXISTS `air_quality` (
  `id` int(11) NOT NULL AUTO_INCREMENT,
  `device_id` int(11) DEFAULT NULL,
  `value` varchar(50) DEFAULT NULL,
  `description` varchar(50) DEFAULT NULL,
  `timestamp` timestamp NULL DEFAULT CURRENT_TIMESTAMP,
  PRIMARY KEY (`id`)
) ENGINE=InnoDB AUTO_INCREMENT=2 DEFAULT CHARSET=latin1;

-- Dumping data for table airduino_db.air_quality: ~0 rows (approximately)
/*!40000 ALTER TABLE `air_quality` DISABLE KEYS */;
INSERT INTO `air_quality` (`id`, `device_id`, `value`, `description`, `timestamp`) VALUES
	(1, 1, '500', 'Good', '2018-11-30 22:49:35');
/*!40000 ALTER TABLE `air_quality` ENABLE KEYS */;

-- Dumping structure for table airduino_db.device
CREATE TABLE IF NOT EXISTS `device` (
  `id` int(11) NOT NULL AUTO_INCREMENT,
  `device_id` varchar(50) DEFAULT NULL,
  `location` varchar(50) DEFAULT NULL,
  `city` varchar(50) DEFAULT NULL,
  `mobile_number` varchar(50) DEFAULT NULL,
  `timestamp_created` timestamp NULL DEFAULT CURRENT_TIMESTAMP,
  `timestamp_modified` timestamp NULL DEFAULT CURRENT_TIMESTAMP ON UPDATE CURRENT_TIMESTAMP,
  PRIMARY KEY (`id`)
) ENGINE=InnoDB AUTO_INCREMENT=3 DEFAULT CHARSET=latin1;

-- Dumping data for table airduino_db.device: ~0 rows (approximately)
/*!40000 ALTER TABLE `device` DISABLE KEYS */;
INSERT INTO `device` (`id`, `device_id`, `location`, `city`, `mobile_number`, `timestamp_created`, `timestamp_modified`) VALUES
	(1, '1', 'DBB-C', 'Dasmarinas City', '0915159149', '2018-11-28 14:14:59', '2018-11-28 14:14:59'),
	(2, '2ab', 'Brgy. Manggahan', 'General Trias, Cavite', NULL, '2018-11-29 20:23:04', '2018-11-29 20:23:04');
/*!40000 ALTER TABLE `device` ENABLE KEYS */;

-- Dumping structure for table airduino_db.humidity
CREATE TABLE IF NOT EXISTS `humidity` (
  `id` int(11) NOT NULL AUTO_INCREMENT,
  `device_id` int(11) DEFAULT NULL,
  `value` varchar(50) DEFAULT NULL,
  `timestamp` timestamp NULL DEFAULT CURRENT_TIMESTAMP,
  PRIMARY KEY (`id`)
) ENGINE=InnoDB AUTO_INCREMENT=4 DEFAULT CHARSET=latin1;

-- Dumping data for table airduino_db.humidity: ~2 rows (approximately)
/*!40000 ALTER TABLE `humidity` DISABLE KEYS */;
INSERT INTO `humidity` (`id`, `device_id`, `value`, `timestamp`) VALUES
	(1, 1, '80', '2018-11-30 15:36:43'),
	(2, 2, '90', '2018-11-30 15:36:55'),
	(3, 1, '89', '2018-11-30 15:37:03');
/*!40000 ALTER TABLE `humidity` ENABLE KEYS */;

-- Dumping structure for table airduino_db.newsfeed
CREATE TABLE IF NOT EXISTS `newsfeed` (
  `id` int(11) NOT NULL AUTO_INCREMENT,
  `title` varchar(50) DEFAULT NULL,
  `content` varchar(50) DEFAULT NULL,
  `timestamp_created` timestamp NULL DEFAULT CURRENT_TIMESTAMP,
  PRIMARY KEY (`id`)
) ENGINE=InnoDB AUTO_INCREMENT=3 DEFAULT CHARSET=latin1;

-- Dumping data for table airduino_db.newsfeed: ~2 rows (approximately)
/*!40000 ALTER TABLE `newsfeed` DISABLE KEYS */;
INSERT INTO `newsfeed` (`id`, `title`, `content`, `timestamp_created`) VALUES
	(1, 'Sample Title', 'This is a sample content. The quick brown fox jump', '2018-11-29 21:19:45'),
	(2, 'Another Example Alert', 'What a wonderful world to live in.', '2018-11-29 21:30:29');
/*!40000 ALTER TABLE `newsfeed` ENABLE KEYS */;

-- Dumping structure for table airduino_db.temperature
CREATE TABLE IF NOT EXISTS `temperature` (
  `id` int(11) NOT NULL AUTO_INCREMENT,
  `device_id` int(11) DEFAULT NULL,
  `value` varchar(50) DEFAULT NULL,
  `timestamp` timestamp NULL DEFAULT CURRENT_TIMESTAMP,
  PRIMARY KEY (`id`)
) ENGINE=InnoDB AUTO_INCREMENT=2564 DEFAULT CHARSET=latin1;

-- Dumping data for table airduino_db.temperature: ~2,564 rows (approximately)
/*!40000 ALTER TABLE `temperature` DISABLE KEYS */;
INSERT INTO `temperature` (`id`, `device_id`, `value`, `timestamp`) VALUES
	(1, 1, '39', NULL),
	(2, 2, '40', NULL),
	(3, 1, '40', NULL),
	(4, 1, '34', NULL),
	(5, 1, '37', '2018-11-30 13:55:25'),
	(6, 1, '38', '2018-11-30 13:55:25'),
	(7, 1, '28', '2018-11-30 13:55:25'),
	(8, 1, '23', '2018-11-30 13:55:25'),
	(9, 1, '21', '2018-11-30 13:55:25'),
	(10, 1, '20', '2018-11-30 13:55:25'),
	(11, 1, '38', '2018-11-30 13:55:25'),
	(12, 1, '23', '2018-11-30 13:55:25'),
	(13, 1, '35', '2018-11-30 13:55:25'),
	(14, 1, '37', '2018-11-30 13:55:25'),
	(15, 1, '21', '2018-11-30 13:55:25'),
	(16, 1, '20', '2018-11-30 13:55:25'),
	(17, 1, '22', '2018-11-30 13:55:25'),
	(18, 1, '22', '2018-11-30 13:55:25'),
	(19, 1, '24', '2018-11-30 13:55:25'),
	(20, 1, '29', '2018-11-30 13:55:25'),
	(21, 1, '26', '2018-11-30 13:55:25'),
	(22, 1, '35', '2018-11-30 13:55:25'),
	(23, 1, '31', '2018-11-30 13:55:25'),
	(24, 1, '36', '2018-11-30 13:55:25'),
	(25, 1, '33', '2018-11-30 13:55:25'),
	(26, 1, '31', '2018-11-30 13:55:25'),
	(27, 1, '26', '2018-11-30 13:55:25'),
	(28, 1, '34', '2018-11-30 13:55:25'),
	(29, 1, '21', '2018-11-30 13:55:25'),
	(30, 1, '31', '2018-11-30 13:55:25'),
	(31, 1, '22', '2018-11-30 13:55:25'),
	(32, 1, '29', '2018-11-30 13:55:25'),
	(33, 1, '26', '2018-11-30 13:55:25'),
	(34, 1, '36', '2018-11-30 13:55:25'),
	(35, 1, '35', '2018-11-30 13:55:25'),
	(36, 1, '37', '2018-11-30 13:55:25'),
	(37, 1, '33', '2018-11-30 13:55:25'),
	(38, 1, '21', '2018-11-30 13:55:25'),
	(39, 1, '28', '2018-11-30 13:55:25'),
	(40, 1, '36', '2018-11-30 13:55:25'),
	(41, 1, '34', '2018-11-30 13:55:25'),
	(42, 1, '28', '2018-11-30 13:55:25'),
	(43, 1, '36', '2018-11-30 13:55:25'),
	(44, 1, '34', '2018-11-30 13:55:25'),
	(45, 1, '21', '2018-11-30 13:55:25'),
	(46, 1, '35', '2018-11-30 13:55:25'),
	(47, 1, '31', '2018-11-30 13:55:25'),
	(48, 1, '29', '2018-11-30 13:55:25'),
	(49, 1, '21', '2018-11-30 13:55:25'),
	(50, 1, '33', '2018-11-30 13:55:25'),
	(51, 1, '31', '2018-11-30 13:55:25'),
	(52, 1, '22', '2018-11-30 13:55:25'),
	(53, 1, '30', '2018-11-30 13:55:25'),
	(54, 1, '28', '2018-11-30 13:55:25'),
	(55, 1, '26', '2018-11-30 13:55:25'),
	(56, 1, '21', '2018-11-30 13:55:25'),
	(57, 1, '29', '2018-11-30 13:55:25'),
	(58, 1, '33', '2018-11-30 13:55:25'),
	(59, 1, '32', '2018-11-30 13:55:25'),
	(60, 1, '28', '2018-11-30 13:55:25'),
	(61, 1, '33', '2018-11-30 13:55:25'),
	(62, 1, '34', '2018-11-30 13:55:25'),
	(63, 1, '28', '2018-11-30 13:55:25'),
	(64, 1, '25', '2018-11-30 13:55:25'),
	(65, 1, '25', '2018-11-30 13:55:25'),
	(66, 1, '32', '2018-11-30 13:55:25'),
	(67, 1, '22', '2018-11-30 13:55:25'),
	(68, 1, '31', '2018-11-30 13:55:25'),
	(69, 1, '29', '2018-11-30 13:55:25'),
	(70, 1, '30', '2018-11-30 13:55:25'),
	(71, 1, '27', '2018-11-30 13:55:25'),
	(72, 1, '24', '2018-11-30 13:55:25'),
	(73, 1, '27', '2018-11-30 13:55:25'),
	(74, 1, '29', '2018-11-30 13:55:25'),
	(75, 1, '20', '2018-11-30 13:55:25'),
	(76, 1, '24', '2018-11-30 13:55:25'),
	(77, 1, '23', '2018-11-30 13:55:25'),
	(78, 1, '26', '2018-11-30 13:55:25'),
	(79, 1, '27', '2018-11-30 13:55:25'),
	(80, 1, '36', '2018-11-30 13:55:25'),
	(81, 1, '37', '2018-11-30 13:55:25'),
	(82, 1, '30', '2018-11-30 13:55:25'),
	(83, 1, '24', '2018-11-30 13:55:25'),
	(84, 1, '33', '2018-11-30 13:55:25'),
	(85, 1, '38', '2018-11-30 13:55:25'),
	(86, 1, '28', '2018-11-30 13:55:25'),
	(87, 1, '28', '2018-11-30 13:55:25'),
	(88, 1, '24', '2018-11-30 13:55:25'),
	(89, 1, '20', '2018-11-30 13:55:25'),
	(90, 1, '28', '2018-11-30 13:55:25'),
	(91, 1, '37', '2018-11-30 13:55:25'),
	(92, 1, '31', '2018-11-30 13:55:25'),
	(93, 1, '32', '2018-11-30 13:55:25'),
	(94, 1, '22', '2018-11-30 13:55:25'),
	(95, 1, '35', '2018-11-30 13:55:25'),
	(96, 1, '35', '2018-11-30 13:55:25'),
	(97, 1, '27', '2018-11-30 13:55:25'),
	(98, 1, '38', '2018-11-30 13:55:26'),
	(99, 1, '35', '2018-11-30 13:55:26'),
	(100, 1, '35', '2018-11-30 13:55:26'),
	(101, 1, '21', '2018-11-30 13:55:26'),
	(102, 1, '37', '2018-11-30 13:55:26'),
	(103, 1, '38', '2018-11-30 13:55:26'),
	(104, 1, '26', '2018-11-30 13:55:26'),
	(105, 1, '28', '2018-11-30 13:55:26'),
	(106, 1, '38', '2018-11-30 13:55:26'),
	(107, 1, '34', '2018-11-30 13:55:26'),
	(108, 1, '36', '2018-11-30 13:55:26'),
	(109, 1, '32', '2018-11-30 13:55:26'),
	(110, 1, '31', '2018-11-30 13:55:26'),
	(111, 1, '25', '2018-11-30 13:55:26'),
	(112, 1, '27', '2018-11-30 13:55:26'),
	(113, 1, '34', '2018-11-30 13:55:26'),
	(114, 1, '33', '2018-11-30 13:55:26'),
	(115, 1, '36', '2018-11-30 13:55:26'),
	(116, 1, '30', '2018-11-30 13:55:26'),
	(117, 1, '32', '2018-11-30 13:55:26'),
	(118, 1, '31', '2018-11-30 13:55:26'),
	(119, 1, '30', '2018-11-30 13:55:26'),
	(120, 1, '27', '2018-11-30 13:55:26'),
	(121, 1, '35', '2018-11-30 13:55:26'),
	(122, 1, '27', '2018-11-30 13:55:26'),
	(123, 1, '38', '2018-11-30 13:55:26'),
	(124, 1, '27', '2018-11-30 13:55:26'),
	(125, 1, '23', '2018-11-30 13:55:26'),
	(126, 1, '25', '2018-11-30 13:55:26'),
	(127, 1, '31', '2018-11-30 13:55:26'),
	(128, 1, '34', '2018-11-30 13:55:26'),
	(129, 1, '21', '2018-11-30 13:55:26'),
	(130, 1, '25', '2018-11-30 13:55:26'),
	(131, 1, '24', '2018-11-30 13:55:26'),
	(132, 1, '23', '2018-11-30 13:55:26'),
	(133, 1, '33', '2018-11-30 13:55:26'),
	(134, 1, '29', '2018-11-30 13:55:26'),
	(135, 1, '30', '2018-11-30 13:55:26'),
	(136, 1, '22', '2018-11-30 13:55:26'),
	(137, 1, '26', '2018-11-30 13:55:26'),
	(138, 1, '33', '2018-11-30 13:55:26'),
	(139, 1, '33', '2018-11-30 13:55:26'),
	(140, 1, '25', '2018-11-30 13:55:26'),
	(141, 1, '25', '2018-11-30 13:55:26'),
	(142, 1, '35', '2018-11-30 13:55:26'),
	(143, 1, '24', '2018-11-30 13:55:26'),
	(144, 1, '37', '2018-11-30 13:55:26'),
	(145, 1, '31', '2018-11-30 13:55:26'),
	(146, 1, '31', '2018-11-30 13:55:26'),
	(147, 1, '28', '2018-11-30 13:55:26'),
	(148, 1, '20', '2018-11-30 13:55:26'),
	(149, 1, '27', '2018-11-30 13:55:26'),
	(150, 1, '29', '2018-11-30 13:55:26'),
	(151, 1, '36', '2018-11-30 13:55:26'),
	(152, 1, '34', '2018-11-30 13:55:26'),
	(153, 1, '34', '2018-11-30 13:55:26'),
	(154, 1, '37', '2018-11-30 13:55:26'),
	(155, 1, '38', '2018-11-30 13:55:26'),
	(156, 1, '26', '2018-11-30 13:55:26'),
	(157, 1, '36', '2018-11-30 13:55:26'),
	(158, 1, '24', '2018-11-30 13:55:26'),
	(159, 1, '31', '2018-11-30 13:55:26'),
	(160, 1, '34', '2018-11-30 13:55:26'),
	(161, 1, '27', '2018-11-30 13:55:26'),
	(162, 1, '24', '2018-11-30 13:55:26'),
	(163, 1, '21', '2018-11-30 13:55:26'),
	(164, 1, '26', '2018-11-30 13:55:26'),
	(165, 1, '37', '2018-11-30 13:55:26'),
	(166, 1, '33', '2018-11-30 13:55:26'),
	(167, 1, '31', '2018-11-30 13:55:26'),
	(168, 1, '30', '2018-11-30 13:55:26'),
	(169, 1, '25', '2018-11-30 13:55:26'),
	(170, 1, '27', '2018-11-30 13:55:26'),
	(171, 1, '23', '2018-11-30 13:55:26'),
	(172, 1, '25', '2018-11-30 13:55:26'),
	(173, 1, '26', '2018-11-30 13:55:26'),
	(174, 1, '23', '2018-11-30 13:55:26'),
	(175, 1, '35', '2018-11-30 13:55:26'),
	(176, 1, '36', '2018-11-30 13:55:26'),
	(177, 1, '38', '2018-11-30 13:55:26'),
	(178, 1, '20', '2018-11-30 13:55:26'),
	(179, 1, '32', '2018-11-30 13:55:26'),
	(180, 1, '29', '2018-11-30 13:55:26'),
	(181, 1, '37', '2018-11-30 13:55:26'),
	(182, 1, '25', '2018-11-30 13:55:26'),
	(183, 1, '26', '2018-11-30 13:55:26'),
	(184, 1, '35', '2018-11-30 13:55:26'),
	(185, 1, '28', '2018-11-30 13:55:26'),
	(186, 1, '36', '2018-11-30 13:55:26'),
	(187, 1, '24', '2018-11-30 13:55:26'),
	(188, 1, '25', '2018-11-30 13:55:26'),
	(189, 1, '31', '2018-11-30 13:55:26'),
	(190, 1, '37', '2018-11-30 13:55:26'),
	(191, 1, '31', '2018-11-30 13:55:26'),
	(192, 1, '36', '2018-11-30 13:55:26'),
	(193, 1, '27', '2018-11-30 13:55:26'),
	(194, 1, '34', '2018-11-30 13:55:26'),
	(195, 1, '32', '2018-11-30 13:55:26'),
	(196, 1, '22', '2018-11-30 13:55:26'),
	(197, 1, '28', '2018-11-30 13:55:26'),
	(198, 1, '24', '2018-11-30 13:55:26'),
	(199, 1, '25', '2018-11-30 13:55:26'),
	(200, 1, '35', '2018-11-30 13:55:26'),
	(201, 1, '27', '2018-11-30 13:55:26'),
	(202, 1, '33', '2018-11-30 13:55:26'),
	(203, 1, '24', '2018-11-30 13:55:26'),
	(204, 1, '35', '2018-11-30 13:55:26'),
	(205, 1, '33', '2018-11-30 13:55:26'),
	(206, 1, '25', '2018-11-30 13:55:26'),
	(207, 1, '37', '2018-11-30 13:55:26'),
	(208, 1, '34', '2018-11-30 13:55:26'),
	(209, 1, '35', '2018-11-30 13:55:26'),
	(210, 1, '22', '2018-11-30 13:55:26'),
	(211, 1, '32', '2018-11-30 13:55:26'),
	(212, 1, '21', '2018-11-30 13:55:26'),
	(213, 1, '25', '2018-11-30 13:55:26'),
	(214, 1, '26', '2018-11-30 13:55:26'),
	(215, 1, '28', '2018-11-30 13:55:26'),
	(216, 1, '26', '2018-11-30 13:55:26'),
	(217, 1, '21', '2018-11-30 13:55:26'),
	(218, 1, '35', '2018-11-30 13:55:26'),
	(219, 1, '28', '2018-11-30 13:55:26'),
	(220, 1, '30', '2018-11-30 13:55:26'),
	(221, 1, '35', '2018-11-30 13:55:26'),
	(222, 1, '28', '2018-11-30 13:55:26'),
	(223, 1, '27', '2018-11-30 13:55:26'),
	(224, 1, '34', '2018-11-30 13:55:26'),
	(225, 1, '20', '2018-11-30 13:55:26'),
	(226, 1, '28', '2018-11-30 13:55:26'),
	(227, 1, '36', '2018-11-30 13:55:26'),
	(228, 1, '24', '2018-11-30 13:55:26'),
	(229, 1, '38', '2018-11-30 13:55:26'),
	(230, 1, '21', '2018-11-30 13:55:26'),
	(231, 1, '32', '2018-11-30 13:55:26'),
	(232, 1, '34', '2018-11-30 13:55:26'),
	(233, 1, '24', '2018-11-30 13:55:26'),
	(234, 1, '38', '2018-11-30 13:55:26'),
	(235, 1, '25', '2018-11-30 13:55:26'),
	(236, 1, '32', '2018-11-30 13:55:26'),
	(237, 1, '20', '2018-11-30 13:55:26'),
	(238, 1, '30', '2018-11-30 13:55:26'),
	(239, 1, '34', '2018-11-30 13:55:26'),
	(240, 1, '37', '2018-11-30 13:55:26'),
	(241, 1, '24', '2018-11-30 13:55:26'),
	(242, 1, '23', '2018-11-30 13:55:26'),
	(243, 1, '28', '2018-11-30 13:55:26'),
	(244, 1, '23', '2018-11-30 13:55:26'),
	(245, 1, '34', '2018-11-30 13:55:26'),
	(246, 1, '28', '2018-11-30 13:55:26'),
	(247, 1, '38', '2018-11-30 13:55:26'),
	(248, 1, '32', '2018-11-30 13:55:26'),
	(249, 1, '27', '2018-11-30 13:55:26'),
	(250, 1, '24', '2018-11-30 13:55:26'),
	(251, 1, '38', '2018-11-30 13:55:26'),
	(252, 1, '28', '2018-11-30 13:55:26'),
	(253, 1, '25', '2018-11-30 13:55:26'),
	(254, 1, '30', '2018-11-30 13:55:26'),
	(255, 1, '21', '2018-11-30 13:55:26'),
	(256, 1, '32', '2018-11-30 13:55:26'),
	(257, 1, '38', '2018-11-30 13:55:26'),
	(258, 1, '20', '2018-11-30 13:55:26'),
	(259, 1, '27', '2018-11-30 13:55:26'),
	(260, 1, '29', '2018-11-30 13:55:26'),
	(261, 1, '33', '2018-11-30 13:55:26'),
	(262, 1, '25', '2018-11-30 13:55:26'),
	(263, 1, '20', '2018-11-30 13:55:26'),
	(264, 1, '35', '2018-11-30 13:55:26'),
	(265, 1, '35', '2018-11-30 13:55:26'),
	(266, 1, '33', '2018-11-30 13:55:26'),
	(267, 1, '37', '2018-11-30 13:55:26'),
	(268, 1, '24', '2018-11-30 13:55:26'),
	(269, 1, '27', '2018-11-30 13:55:26'),
	(270, 1, '31', '2018-11-30 13:55:26'),
	(271, 1, '28', '2018-11-30 13:55:26'),
	(272, 1, '37', '2018-11-30 13:55:26'),
	(273, 1, '22', '2018-11-30 13:55:26'),
	(274, 1, '23', '2018-11-30 13:55:26'),
	(275, 1, '34', '2018-11-30 13:55:26'),
	(276, 1, '35', '2018-11-30 13:55:26'),
	(277, 1, '32', '2018-11-30 13:55:26'),
	(278, 1, '31', '2018-11-30 13:55:26'),
	(279, 1, '34', '2018-11-30 13:55:26'),
	(280, 1, '34', '2018-11-30 13:55:26'),
	(281, 1, '31', '2018-11-30 13:55:26'),
	(282, 1, '25', '2018-11-30 13:55:26'),
	(283, 1, '27', '2018-11-30 13:55:26'),
	(284, 1, '23', '2018-11-30 13:55:26'),
	(285, 1, '35', '2018-11-30 13:55:26'),
	(286, 1, '31', '2018-11-30 13:55:26'),
	(287, 1, '34', '2018-11-30 13:55:26'),
	(288, 1, '22', '2018-11-30 13:55:26'),
	(289, 1, '33', '2018-11-30 13:55:26'),
	(290, 1, '22', '2018-11-30 13:55:26'),
	(291, 1, '36', '2018-11-30 13:55:26'),
	(292, 1, '38', '2018-11-30 13:55:26'),
	(293, 1, '32', '2018-11-30 13:55:26'),
	(294, 1, '25', '2018-11-30 13:55:26'),
	(295, 1, '38', '2018-11-30 13:55:26'),
	(296, 1, '28', '2018-11-30 13:55:26'),
	(297, 1, '28', '2018-11-30 13:55:26'),
	(298, 1, '20', '2018-11-30 13:55:26'),
	(299, 1, '37', '2018-11-30 13:55:26'),
	(300, 1, '27', '2018-11-30 13:55:26'),
	(301, 1, '37', '2018-11-30 13:55:26'),
	(302, 1, '23', '2018-11-30 13:55:26'),
	(303, 1, '38', '2018-11-30 13:55:26'),
	(304, 1, '36', '2018-11-30 13:55:26'),
	(305, 1, '20', '2018-11-30 13:55:26'),
	(306, 1, '33', '2018-11-30 13:55:26'),
	(307, 1, '20', '2018-11-30 13:55:26'),
	(308, 1, '36', '2018-11-30 13:55:26'),
	(309, 1, '25', '2018-11-30 13:55:26'),
	(310, 1, '38', '2018-11-30 13:55:26'),
	(311, 1, '35', '2018-11-30 13:55:26'),
	(312, 1, '38', '2018-11-30 13:55:26'),
	(313, 1, '25', '2018-11-30 13:55:26'),
	(314, 1, '23', '2018-11-30 13:55:26'),
	(315, 1, '20', '2018-11-30 13:55:26'),
	(316, 1, '33', '2018-11-30 13:55:26'),
	(317, 1, '23', '2018-11-30 13:55:26'),
	(318, 1, '36', '2018-11-30 13:55:26'),
	(319, 1, '23', '2018-11-30 13:55:26'),
	(320, 1, '23', '2018-11-30 13:55:26'),
	(321, 1, '28', '2018-11-30 13:55:26'),
	(322, 1, '20', '2018-11-30 13:55:26'),
	(323, 1, '25', '2018-11-30 13:55:26'),
	(324, 1, '33', '2018-11-30 13:55:26'),
	(325, 1, '37', '2018-11-30 13:55:26'),
	(326, 1, '28', '2018-11-30 13:55:26'),
	(327, 1, '30', '2018-11-30 13:55:26'),
	(328, 1, '24', '2018-11-30 13:55:26'),
	(329, 1, '30', '2018-11-30 13:55:26'),
	(330, 1, '35', '2018-11-30 13:55:26'),
	(331, 1, '30', '2018-11-30 13:55:26'),
	(332, 1, '21', '2018-11-30 13:55:26'),
	(333, 1, '36', '2018-11-30 13:55:26'),
	(334, 1, '33', '2018-11-30 13:55:26'),
	(335, 1, '20', '2018-11-30 13:55:26'),
	(336, 1, '21', '2018-11-30 13:55:26'),
	(337, 1, '38', '2018-11-30 13:55:26'),
	(338, 1, '25', '2018-11-30 13:55:26'),
	(339, 1, '34', '2018-11-30 13:55:26'),
	(340, 1, '29', '2018-11-30 13:55:26'),
	(341, 1, '30', '2018-11-30 13:55:26'),
	(342, 1, '36', '2018-11-30 13:55:26'),
	(343, 1, '37', '2018-11-30 13:55:26'),
	(344, 1, '29', '2018-11-30 13:55:26'),
	(345, 1, '37', '2018-11-30 13:55:26'),
	(346, 1, '28', '2018-11-30 13:55:26'),
	(347, 1, '34', '2018-11-30 13:55:26'),
	(348, 1, '28', '2018-11-30 13:55:26'),
	(349, 1, '20', '2018-11-30 13:55:26'),
	(350, 1, '36', '2018-11-30 13:55:26'),
	(351, 1, '36', '2018-11-30 13:55:26'),
	(352, 1, '38', '2018-11-30 13:55:26'),
	(353, 1, '30', '2018-11-30 13:55:26'),
	(354, 1, '23', '2018-11-30 13:55:26'),
	(355, 1, '24', '2018-11-30 13:55:26'),
	(356, 1, '24', '2018-11-30 13:55:26'),
	(357, 1, '20', '2018-11-30 13:55:26'),
	(358, 1, '38', '2018-11-30 13:55:27'),
	(359, 1, '21', '2018-11-30 13:55:27'),
	(360, 1, '28', '2018-11-30 13:55:27'),
	(361, 1, '22', '2018-11-30 13:55:27'),
	(362, 1, '29', '2018-11-30 13:55:27'),
	(363, 1, '22', '2018-11-30 13:55:27'),
	(364, 1, '33', '2018-11-30 13:55:27'),
	(365, 1, '32', '2018-11-30 13:55:27'),
	(366, 1, '24', '2018-11-30 13:55:27'),
	(367, 1, '31', '2018-11-30 13:55:27'),
	(368, 1, '36', '2018-11-30 13:55:27'),
	(369, 1, '23', '2018-11-30 13:55:27'),
	(370, 1, '27', '2018-11-30 13:55:27'),
	(371, 1, '26', '2018-11-30 13:55:27'),
	(372, 1, '25', '2018-11-30 13:55:27'),
	(373, 1, '34', '2018-11-30 13:55:27'),
	(374, 1, '27', '2018-11-30 13:55:27'),
	(375, 1, '20', '2018-11-30 13:55:27'),
	(376, 1, '20', '2018-11-30 13:55:27'),
	(377, 1, '20', '2018-11-30 13:55:27'),
	(378, 1, '29', '2018-11-30 13:55:27'),
	(379, 1, '38', '2018-11-30 13:55:27'),
	(380, 1, '21', '2018-11-30 13:55:27'),
	(381, 1, '29', '2018-11-30 13:55:27'),
	(382, 1, '37', '2018-11-30 13:55:27'),
	(383, 1, '27', '2018-11-30 13:55:27'),
	(384, 1, '27', '2018-11-30 13:55:27'),
	(385, 1, '29', '2018-11-30 13:55:27'),
	(386, 1, '31', '2018-11-30 13:55:27'),
	(387, 1, '26', '2018-11-30 13:55:27'),
	(388, 1, '36', '2018-11-30 13:55:27'),
	(389, 1, '28', '2018-11-30 13:55:27'),
	(390, 1, '36', '2018-11-30 13:55:27'),
	(391, 1, '38', '2018-11-30 13:55:27'),
	(392, 1, '20', '2018-11-30 13:55:27'),
	(393, 1, '24', '2018-11-30 13:55:27'),
	(394, 1, '26', '2018-11-30 13:55:27'),
	(395, 1, '30', '2018-11-30 13:55:27'),
	(396, 1, '20', '2018-11-30 13:55:27'),
	(397, 1, '22', '2018-11-30 13:55:27'),
	(398, 1, '29', '2018-11-30 13:55:27'),
	(399, 1, '34', '2018-11-30 13:55:27'),
	(400, 1, '20', '2018-11-30 13:55:27'),
	(401, 1, '34', '2018-11-30 13:55:27'),
	(402, 1, '28', '2018-11-30 13:55:27'),
	(403, 1, '20', '2018-11-30 13:55:27'),
	(404, 1, '32', '2018-11-30 13:55:27'),
	(405, 1, '38', '2018-11-30 13:55:27'),
	(406, 1, '20', '2018-11-30 13:55:27'),
	(407, 1, '29', '2018-11-30 13:55:27'),
	(408, 1, '27', '2018-11-30 13:55:27'),
	(409, 1, '37', '2018-11-30 13:55:27'),
	(410, 1, '22', '2018-11-30 13:55:27'),
	(411, 1, '28', '2018-11-30 13:55:27'),
	(412, 1, '28', '2018-11-30 13:55:27'),
	(413, 1, '22', '2018-11-30 13:55:27'),
	(414, 1, '21', '2018-11-30 13:55:27'),
	(415, 1, '34', '2018-11-30 13:55:27'),
	(416, 1, '26', '2018-11-30 13:55:27'),
	(417, 1, '20', '2018-11-30 13:55:27'),
	(418, 1, '35', '2018-11-30 13:55:27'),
	(419, 1, '20', '2018-11-30 13:55:27'),
	(420, 1, '22', '2018-11-30 13:55:27'),
	(421, 1, '29', '2018-11-30 13:55:27'),
	(422, 1, '32', '2018-11-30 13:55:27'),
	(423, 1, '30', '2018-11-30 13:55:27'),
	(424, 1, '25', '2018-11-30 13:55:27'),
	(425, 1, '27', '2018-11-30 13:55:27'),
	(426, 1, '38', '2018-11-30 13:55:27'),
	(427, 1, '22', '2018-11-30 13:55:27'),
	(428, 1, '37', '2018-11-30 13:55:27'),
	(429, 1, '20', '2018-11-30 13:55:27'),
	(430, 1, '37', '2018-11-30 13:55:27'),
	(431, 1, '23', '2018-11-30 13:55:27'),
	(432, 1, '35', '2018-11-30 13:55:27'),
	(433, 1, '27', '2018-11-30 13:55:27'),
	(434, 1, '21', '2018-11-30 13:55:27'),
	(435, 1, '28', '2018-11-30 13:55:27'),
	(436, 1, '25', '2018-11-30 13:55:27'),
	(437, 1, '29', '2018-11-30 13:55:27'),
	(438, 1, '24', '2018-11-30 13:55:27'),
	(439, 1, '25', '2018-11-30 13:55:27'),
	(440, 1, '24', '2018-11-30 13:55:27'),
	(441, 1, '38', '2018-11-30 13:55:27'),
	(442, 1, '24', '2018-11-30 13:55:27'),
	(443, 1, '27', '2018-11-30 13:55:27'),
	(444, 1, '31', '2018-11-30 13:55:27'),
	(445, 1, '30', '2018-11-30 13:55:27'),
	(446, 1, '25', '2018-11-30 13:55:27'),
	(447, 1, '33', '2018-11-30 13:55:27'),
	(448, 1, '20', '2018-11-30 13:55:27'),
	(449, 1, '37', '2018-11-30 13:55:27'),
	(450, 1, '34', '2018-11-30 13:55:27'),
	(451, 1, '25', '2018-11-30 13:55:27'),
	(452, 1, '25', '2018-11-30 13:55:27'),
	(453, 1, '38', '2018-11-30 13:55:27'),
	(454, 1, '34', '2018-11-30 13:55:27'),
	(455, 1, '20', '2018-11-30 13:55:27'),
	(456, 1, '37', '2018-11-30 13:55:27'),
	(457, 1, '34', '2018-11-30 13:55:27'),
	(458, 1, '36', '2018-11-30 13:55:27'),
	(459, 1, '28', '2018-11-30 13:55:27'),
	(460, 1, '32', '2018-11-30 13:55:27'),
	(461, 1, '21', '2018-11-30 13:55:27'),
	(462, 1, '23', '2018-11-30 13:55:27'),
	(463, 1, '28', '2018-11-30 13:55:27'),
	(464, 1, '27', '2018-11-30 13:55:27'),
	(465, 1, '32', '2018-11-30 13:55:27'),
	(466, 1, '33', '2018-11-30 13:55:27'),
	(467, 1, '31', '2018-11-30 13:55:27'),
	(468, 1, '20', '2018-11-30 13:55:27'),
	(469, 1, '36', '2018-11-30 13:55:27'),
	(470, 1, '21', '2018-11-30 13:55:27'),
	(471, 1, '38', '2018-11-30 13:55:27'),
	(472, 1, '31', '2018-11-30 13:55:27'),
	(473, 1, '35', '2018-11-30 13:55:27'),
	(474, 1, '22', '2018-11-30 13:55:27'),
	(475, 1, '25', '2018-11-30 13:55:27'),
	(476, 1, '26', '2018-11-30 13:55:27'),
	(477, 1, '26', '2018-11-30 13:55:27'),
	(478, 1, '32', '2018-11-30 13:55:27'),
	(479, 1, '22', '2018-11-30 13:55:27'),
	(480, 1, '24', '2018-11-30 13:55:27'),
	(481, 1, '28', '2018-11-30 13:55:27'),
	(482, 1, '34', '2018-11-30 13:55:27'),
	(483, 1, '33', '2018-11-30 13:55:27'),
	(484, 1, '35', '2018-11-30 13:55:27'),
	(485, 1, '23', '2018-11-30 13:55:27'),
	(486, 1, '25', '2018-11-30 13:55:27'),
	(487, 1, '22', '2018-11-30 13:55:27'),
	(488, 1, '38', '2018-11-30 13:55:27'),
	(489, 1, '25', '2018-11-30 13:55:27'),
	(490, 1, '30', '2018-11-30 13:55:27'),
	(491, 1, '28', '2018-11-30 13:55:27'),
	(492, 1, '35', '2018-11-30 13:55:27'),
	(493, 1, '21', '2018-11-30 13:55:27'),
	(494, 1, '26', '2018-11-30 13:55:27'),
	(495, 1, '23', '2018-11-30 13:55:27'),
	(496, 1, '35', '2018-11-30 13:55:27'),
	(497, 1, '25', '2018-11-30 13:55:27'),
	(498, 1, '36', '2018-11-30 13:55:27'),
	(499, 1, '25', '2018-11-30 13:55:27'),
	(500, 1, '27', '2018-11-30 13:55:27'),
	(501, 1, '35', '2018-11-30 13:55:27'),
	(502, 1, '31', '2018-11-30 13:55:27'),
	(503, 1, '38', '2018-11-30 13:55:27'),
	(504, 1, '32', '2018-11-30 13:55:27'),
	(505, 1, '25', '2018-11-30 13:55:27'),
	(506, 1, '27', '2018-11-30 13:55:27'),
	(507, 1, '35', '2018-11-30 13:55:27'),
	(508, 1, '25', '2018-11-30 13:55:27'),
	(509, 1, '35', '2018-11-30 13:55:27'),
	(510, 1, '22', '2018-11-30 13:55:27'),
	(511, 1, '33', '2018-11-30 13:55:27'),
	(512, 1, '22', '2018-11-30 13:55:27'),
	(513, 1, '34', '2018-11-30 13:55:27'),
	(514, 1, '31', '2018-11-30 13:55:27'),
	(515, 1, '38', '2018-11-30 13:55:27'),
	(516, 1, '21', '2018-11-30 13:55:27'),
	(517, 1, '31', '2018-11-30 13:55:27'),
	(518, 1, '38', '2018-11-30 13:55:27'),
	(519, 1, '32', '2018-11-30 13:55:27'),
	(520, 1, '34', '2018-11-30 13:55:27'),
	(521, 1, '23', '2018-11-30 13:55:27'),
	(522, 1, '25', '2018-11-30 13:55:27'),
	(523, 1, '24', '2018-11-30 13:55:27'),
	(524, 1, '25', '2018-11-30 13:55:27'),
	(525, 1, '26', '2018-11-30 13:55:27'),
	(526, 1, '31', '2018-11-30 13:55:27'),
	(527, 1, '24', '2018-11-30 13:55:27'),
	(528, 1, '21', '2018-11-30 13:55:27'),
	(529, 1, '33', '2018-11-30 13:55:27'),
	(530, 1, '33', '2018-11-30 13:55:27'),
	(531, 1, '33', '2018-11-30 13:55:27'),
	(532, 1, '38', '2018-11-30 13:55:27'),
	(533, 1, '24', '2018-11-30 13:55:27'),
	(534, 1, '25', '2018-11-30 13:55:27'),
	(535, 1, '36', '2018-11-30 13:55:27'),
	(536, 1, '23', '2018-11-30 13:55:27'),
	(537, 1, '21', '2018-11-30 13:55:27'),
	(538, 1, '37', '2018-11-30 13:55:27'),
	(539, 1, '24', '2018-11-30 13:55:27'),
	(540, 1, '25', '2018-11-30 13:55:27'),
	(541, 1, '23', '2018-11-30 13:55:27'),
	(542, 1, '33', '2018-11-30 13:55:27'),
	(543, 1, '27', '2018-11-30 13:55:27'),
	(544, 1, '26', '2018-11-30 13:55:27'),
	(545, 1, '29', '2018-11-30 13:55:27'),
	(546, 1, '23', '2018-11-30 13:55:27'),
	(547, 1, '22', '2018-11-30 13:55:27'),
	(548, 1, '32', '2018-11-30 13:55:27'),
	(549, 1, '25', '2018-11-30 13:55:27'),
	(550, 1, '38', '2018-11-30 13:55:27'),
	(551, 1, '36', '2018-11-30 13:55:27'),
	(552, 1, '27', '2018-11-30 13:55:27'),
	(553, 1, '21', '2018-11-30 13:55:27'),
	(554, 1, '27', '2018-11-30 13:55:27'),
	(555, 1, '38', '2018-11-30 13:55:27'),
	(556, 1, '23', '2018-11-30 13:55:27'),
	(557, 1, '30', '2018-11-30 13:55:27'),
	(558, 1, '35', '2018-11-30 13:55:27'),
	(559, 1, '37', '2018-11-30 13:55:27'),
	(560, 1, '37', '2018-11-30 13:55:27'),
	(561, 1, '28', '2018-11-30 13:55:27'),
	(562, 1, '32', '2018-11-30 13:55:27'),
	(563, 1, '29', '2018-11-30 13:55:27'),
	(564, 1, '23', '2018-11-30 13:55:27'),
	(565, 1, '27', '2018-11-30 13:55:27'),
	(566, 1, '20', '2018-11-30 13:55:27'),
	(567, 1, '33', '2018-11-30 13:55:27'),
	(568, 1, '27', '2018-11-30 13:55:27'),
	(569, 1, '23', '2018-11-30 13:55:27'),
	(570, 1, '37', '2018-11-30 13:55:27'),
	(571, 1, '21', '2018-11-30 13:55:27'),
	(572, 1, '34', '2018-11-30 13:55:27'),
	(573, 1, '26', '2018-11-30 13:55:27'),
	(574, 1, '32', '2018-11-30 13:55:27'),
	(575, 1, '34', '2018-11-30 13:55:27'),
	(576, 1, '33', '2018-11-30 13:55:27'),
	(577, 1, '30', '2018-11-30 13:55:27'),
	(578, 1, '38', '2018-11-30 13:55:27'),
	(579, 1, '35', '2018-11-30 13:55:27'),
	(580, 1, '29', '2018-11-30 13:55:27'),
	(581, 1, '31', '2018-11-30 13:55:27'),
	(582, 1, '33', '2018-11-30 13:55:27'),
	(583, 1, '30', '2018-11-30 13:55:27'),
	(584, 1, '27', '2018-11-30 13:55:27'),
	(585, 1, '30', '2018-11-30 13:55:27'),
	(586, 1, '21', '2018-11-30 13:55:27'),
	(587, 1, '30', '2018-11-30 13:55:27'),
	(588, 1, '20', '2018-11-30 13:55:27'),
	(589, 1, '28', '2018-11-30 13:55:27'),
	(590, 1, '32', '2018-11-30 13:55:27'),
	(591, 1, '36', '2018-11-30 13:55:27'),
	(592, 1, '27', '2018-11-30 13:55:27'),
	(593, 1, '35', '2018-11-30 13:55:27'),
	(594, 1, '23', '2018-11-30 13:55:27'),
	(595, 1, '21', '2018-11-30 13:55:27'),
	(596, 1, '29', '2018-11-30 13:55:27'),
	(597, 1, '36', '2018-11-30 13:55:27'),
	(598, 1, '23', '2018-11-30 13:55:27'),
	(599, 1, '37', '2018-11-30 13:55:27'),
	(600, 1, '24', '2018-11-30 13:55:27'),
	(601, 1, '22', '2018-11-30 13:55:27'),
	(602, 1, '31', '2018-11-30 13:55:27'),
	(603, 1, '38', '2018-11-30 13:55:27'),
	(604, 1, '37', '2018-11-30 13:55:27'),
	(605, 1, '36', '2018-11-30 13:55:27'),
	(606, 1, '23', '2018-11-30 13:55:27'),
	(607, 1, '34', '2018-11-30 13:55:27'),
	(608, 1, '20', '2018-11-30 13:55:27'),
	(609, 1, '29', '2018-11-30 13:55:27'),
	(610, 1, '28', '2018-11-30 13:55:27'),
	(611, 1, '35', '2018-11-30 13:55:27'),
	(612, 1, '22', '2018-11-30 13:55:27'),
	(613, 1, '33', '2018-11-30 13:55:27'),
	(614, 1, '31', '2018-11-30 13:55:27'),
	(615, 1, '37', '2018-11-30 13:55:27'),
	(616, 1, '33', '2018-11-30 13:55:27'),
	(617, 1, '37', '2018-11-30 13:55:27'),
	(618, 1, '20', '2018-11-30 13:55:27'),
	(619, 1, '35', '2018-11-30 13:55:27'),
	(620, 1, '31', '2018-11-30 13:55:27'),
	(621, 1, '31', '2018-11-30 13:55:27'),
	(622, 1, '36', '2018-11-30 13:55:27'),
	(623, 1, '22', '2018-11-30 13:55:27'),
	(624, 1, '36', '2018-11-30 13:55:27'),
	(625, 1, '37', '2018-11-30 13:55:27'),
	(626, 1, '34', '2018-11-30 13:55:27'),
	(627, 1, '33', '2018-11-30 13:55:27'),
	(628, 1, '35', '2018-11-30 13:55:28'),
	(629, 1, '31', '2018-11-30 13:55:28'),
	(630, 1, '27', '2018-11-30 13:55:28'),
	(631, 1, '36', '2018-11-30 13:55:28'),
	(632, 1, '38', '2018-11-30 13:55:28'),
	(633, 1, '31', '2018-11-30 13:55:28'),
	(634, 1, '29', '2018-11-30 13:55:28'),
	(635, 1, '36', '2018-11-30 13:55:28'),
	(636, 1, '29', '2018-11-30 13:55:28'),
	(637, 1, '21', '2018-11-30 13:55:28'),
	(638, 1, '24', '2018-11-30 13:55:28'),
	(639, 1, '27', '2018-11-30 13:55:28'),
	(640, 1, '28', '2018-11-30 13:55:28'),
	(641, 1, '30', '2018-11-30 13:55:28'),
	(642, 1, '30', '2018-11-30 13:55:28'),
	(643, 1, '20', '2018-11-30 13:55:28'),
	(644, 1, '30', '2018-11-30 13:55:28'),
	(645, 1, '24', '2018-11-30 13:55:28'),
	(646, 1, '29', '2018-11-30 13:55:28'),
	(647, 1, '35', '2018-11-30 13:55:28'),
	(648, 1, '38', '2018-11-30 13:55:28'),
	(649, 1, '20', '2018-11-30 13:55:28'),
	(650, 1, '33', '2018-11-30 13:55:28'),
	(651, 1, '33', '2018-11-30 13:55:28'),
	(652, 1, '28', '2018-11-30 13:55:28'),
	(653, 1, '36', '2018-11-30 13:55:28'),
	(654, 1, '28', '2018-11-30 13:55:28'),
	(655, 1, '20', '2018-11-30 13:55:28'),
	(656, 1, '33', '2018-11-30 13:55:28'),
	(657, 1, '37', '2018-11-30 13:55:28'),
	(658, 1, '33', '2018-11-30 13:55:28'),
	(659, 1, '29', '2018-11-30 13:55:28'),
	(660, 1, '38', '2018-11-30 13:55:28'),
	(661, 1, '20', '2018-11-30 13:55:28'),
	(662, 1, '29', '2018-11-30 13:55:28'),
	(663, 1, '34', '2018-11-30 13:55:28'),
	(664, 1, '20', '2018-11-30 13:55:28'),
	(665, 1, '37', '2018-11-30 13:55:28'),
	(666, 1, '24', '2018-11-30 13:55:28'),
	(667, 1, '34', '2018-11-30 13:55:28'),
	(668, 1, '36', '2018-11-30 13:55:28'),
	(669, 1, '35', '2018-11-30 13:55:28'),
	(670, 1, '25', '2018-11-30 13:55:28'),
	(671, 1, '22', '2018-11-30 13:55:28'),
	(672, 1, '28', '2018-11-30 13:55:28'),
	(673, 1, '21', '2018-11-30 13:55:28'),
	(674, 1, '38', '2018-11-30 13:55:28'),
	(675, 1, '35', '2018-11-30 13:55:28'),
	(676, 1, '28', '2018-11-30 13:55:28'),
	(677, 1, '35', '2018-11-30 13:55:28'),
	(678, 1, '21', '2018-11-30 13:55:28'),
	(679, 1, '34', '2018-11-30 13:55:28'),
	(680, 1, '29', '2018-11-30 13:55:28'),
	(681, 1, '31', '2018-11-30 13:55:28'),
	(682, 1, '22', '2018-11-30 13:55:28'),
	(683, 1, '38', '2018-11-30 13:55:28'),
	(684, 1, '23', '2018-11-30 13:55:28'),
	(685, 1, '35', '2018-11-30 13:55:28'),
	(686, 1, '20', '2018-11-30 13:55:28'),
	(687, 1, '27', '2018-11-30 13:55:28'),
	(688, 1, '34', '2018-11-30 13:55:28'),
	(689, 1, '32', '2018-11-30 13:55:28'),
	(690, 1, '29', '2018-11-30 13:55:28'),
	(691, 1, '37', '2018-11-30 13:55:28'),
	(692, 1, '25', '2018-11-30 13:55:28'),
	(693, 1, '28', '2018-11-30 13:55:28'),
	(694, 1, '38', '2018-11-30 13:55:28'),
	(695, 1, '29', '2018-11-30 13:55:28'),
	(696, 1, '24', '2018-11-30 13:55:28'),
	(697, 1, '20', '2018-11-30 13:55:28'),
	(698, 1, '22', '2018-11-30 13:55:28'),
	(699, 1, '37', '2018-11-30 13:55:28'),
	(700, 1, '29', '2018-11-30 13:55:28'),
	(701, 1, '30', '2018-11-30 13:55:28'),
	(702, 1, '29', '2018-11-30 13:55:28'),
	(703, 1, '36', '2018-11-30 13:55:28'),
	(704, 1, '26', '2018-11-30 13:55:28'),
	(705, 1, '35', '2018-11-30 13:55:28'),
	(706, 1, '32', '2018-11-30 13:55:28'),
	(707, 1, '35', '2018-11-30 13:55:28'),
	(708, 1, '34', '2018-11-30 13:55:28'),
	(709, 1, '34', '2018-11-30 13:55:28'),
	(710, 1, '29', '2018-11-30 13:55:28'),
	(711, 1, '22', '2018-11-30 13:55:28'),
	(712, 1, '24', '2018-11-30 13:55:28'),
	(713, 1, '27', '2018-11-30 13:55:28'),
	(714, 1, '32', '2018-11-30 13:55:28'),
	(715, 1, '34', '2018-11-30 13:55:28'),
	(716, 1, '21', '2018-11-30 13:55:28'),
	(717, 1, '21', '2018-11-30 13:55:28'),
	(718, 1, '30', '2018-11-30 13:55:28'),
	(719, 1, '22', '2018-11-30 13:55:28'),
	(720, 1, '28', '2018-11-30 13:55:28'),
	(721, 1, '24', '2018-11-30 13:55:28'),
	(722, 1, '34', '2018-11-30 13:55:28'),
	(723, 1, '34', '2018-11-30 13:55:28'),
	(724, 1, '29', '2018-11-30 13:55:28'),
	(725, 1, '34', '2018-11-30 13:55:28'),
	(726, 1, '25', '2018-11-30 13:55:28'),
	(727, 1, '38', '2018-11-30 13:55:28'),
	(728, 1, '35', '2018-11-30 13:55:28'),
	(729, 1, '35', '2018-11-30 13:55:28'),
	(730, 1, '27', '2018-11-30 13:55:28'),
	(731, 1, '33', '2018-11-30 13:55:28'),
	(732, 1, '20', '2018-11-30 13:55:28'),
	(733, 1, '27', '2018-11-30 13:55:28'),
	(734, 1, '37', '2018-11-30 13:55:28'),
	(735, 1, '38', '2018-11-30 13:55:28'),
	(736, 1, '37', '2018-11-30 13:55:28'),
	(737, 1, '25', '2018-11-30 13:55:28'),
	(738, 1, '29', '2018-11-30 13:55:28'),
	(739, 1, '32', '2018-11-30 13:55:28'),
	(740, 1, '21', '2018-11-30 13:55:28'),
	(741, 1, '24', '2018-11-30 13:55:28'),
	(742, 1, '33', '2018-11-30 13:55:28'),
	(743, 1, '31', '2018-11-30 13:55:28'),
	(744, 1, '24', '2018-11-30 13:55:28'),
	(745, 1, '35', '2018-11-30 13:55:28'),
	(746, 1, '32', '2018-11-30 13:55:28'),
	(747, 1, '32', '2018-11-30 13:55:28'),
	(748, 1, '30', '2018-11-30 13:55:28'),
	(749, 1, '38', '2018-11-30 13:55:28'),
	(750, 1, '23', '2018-11-30 13:55:28'),
	(751, 1, '37', '2018-11-30 13:55:28'),
	(752, 1, '33', '2018-11-30 13:55:28'),
	(753, 1, '30', '2018-11-30 13:55:28'),
	(754, 1, '24', '2018-11-30 13:55:28'),
	(755, 1, '31', '2018-11-30 13:55:28'),
	(756, 1, '23', '2018-11-30 13:55:28'),
	(757, 1, '30', '2018-11-30 13:55:28'),
	(758, 1, '27', '2018-11-30 13:55:28'),
	(759, 1, '25', '2018-11-30 13:55:28'),
	(760, 1, '24', '2018-11-30 13:55:28'),
	(761, 1, '23', '2018-11-30 13:55:28'),
	(762, 1, '28', '2018-11-30 13:55:28'),
	(763, 1, '24', '2018-11-30 13:55:28'),
	(764, 1, '33', '2018-11-30 13:55:28'),
	(765, 1, '33', '2018-11-30 13:55:28'),
	(766, 1, '31', '2018-11-30 13:55:28'),
	(767, 1, '35', '2018-11-30 13:55:28'),
	(768, 1, '23', '2018-11-30 13:55:28'),
	(769, 1, '26', '2018-11-30 13:55:28'),
	(770, 1, '25', '2018-11-30 13:55:28'),
	(771, 1, '36', '2018-11-30 13:55:28'),
	(772, 1, '20', '2018-11-30 13:55:28'),
	(773, 1, '22', '2018-11-30 13:55:28'),
	(774, 1, '21', '2018-11-30 13:55:28'),
	(775, 1, '37', '2018-11-30 13:55:28'),
	(776, 1, '38', '2018-11-30 13:55:28'),
	(777, 1, '21', '2018-11-30 13:55:28'),
	(778, 1, '25', '2018-11-30 13:55:28'),
	(779, 1, '31', '2018-11-30 13:55:28'),
	(780, 1, '31', '2018-11-30 13:55:28'),
	(781, 1, '31', '2018-11-30 13:55:28'),
	(782, 1, '33', '2018-11-30 13:55:28'),
	(783, 1, '32', '2018-11-30 13:55:28'),
	(784, 1, '23', '2018-11-30 13:55:28'),
	(785, 1, '22', '2018-11-30 13:55:28'),
	(786, 1, '25', '2018-11-30 13:55:28'),
	(787, 1, '29', '2018-11-30 13:55:28'),
	(788, 1, '20', '2018-11-30 13:55:28'),
	(789, 1, '31', '2018-11-30 13:55:28'),
	(790, 1, '32', '2018-11-30 13:55:28'),
	(791, 1, '22', '2018-11-30 13:55:28'),
	(792, 1, '21', '2018-11-30 13:55:28'),
	(793, 1, '21', '2018-11-30 13:55:28'),
	(794, 1, '35', '2018-11-30 13:55:28'),
	(795, 1, '30', '2018-11-30 13:55:28'),
	(796, 1, '27', '2018-11-30 13:55:28'),
	(797, 1, '29', '2018-11-30 13:55:28'),
	(798, 1, '27', '2018-11-30 13:55:28'),
	(799, 1, '24', '2018-11-30 13:55:28'),
	(800, 1, '35', '2018-11-30 13:55:28'),
	(801, 1, '33', '2018-11-30 13:55:28'),
	(802, 1, '25', '2018-11-30 13:55:28'),
	(803, 1, '23', '2018-11-30 13:55:28'),
	(804, 1, '24', '2018-11-30 13:55:28'),
	(805, 1, '25', '2018-11-30 13:55:28'),
	(806, 1, '31', '2018-11-30 13:55:28'),
	(807, 1, '37', '2018-11-30 13:55:28'),
	(808, 1, '20', '2018-11-30 13:55:28'),
	(809, 1, '38', '2018-11-30 13:55:28'),
	(810, 1, '37', '2018-11-30 13:55:28'),
	(811, 1, '25', '2018-11-30 13:55:28'),
	(812, 1, '38', '2018-11-30 13:55:28'),
	(813, 1, '37', '2018-11-30 13:55:28'),
	(814, 1, '37', '2018-11-30 13:55:28'),
	(815, 1, '30', '2018-11-30 13:55:28'),
	(816, 1, '36', '2018-11-30 13:55:28'),
	(817, 1, '24', '2018-11-30 13:55:28'),
	(818, 1, '21', '2018-11-30 13:55:28'),
	(819, 1, '30', '2018-11-30 13:55:28'),
	(820, 1, '21', '2018-11-30 13:55:28'),
	(821, 1, '23', '2018-11-30 13:55:28'),
	(822, 1, '35', '2018-11-30 13:55:28'),
	(823, 1, '23', '2018-11-30 13:55:28'),
	(824, 1, '21', '2018-11-30 13:55:28'),
	(825, 1, '23', '2018-11-30 13:55:28'),
	(826, 1, '25', '2018-11-30 13:55:28'),
	(827, 1, '28', '2018-11-30 13:55:28'),
	(828, 1, '27', '2018-11-30 13:55:28'),
	(829, 1, '36', '2018-11-30 13:55:28'),
	(830, 1, '20', '2018-11-30 13:55:28'),
	(831, 1, '27', '2018-11-30 13:55:28'),
	(832, 1, '37', '2018-11-30 13:55:28'),
	(833, 1, '21', '2018-11-30 13:55:28'),
	(834, 1, '34', '2018-11-30 13:55:28'),
	(835, 1, '34', '2018-11-30 13:55:28'),
	(836, 1, '26', '2018-11-30 13:55:28'),
	(837, 1, '25', '2018-11-30 13:55:28'),
	(838, 1, '26', '2018-11-30 13:55:28'),
	(839, 1, '31', '2018-11-30 13:55:28'),
	(840, 1, '38', '2018-11-30 13:55:28'),
	(841, 1, '26', '2018-11-30 13:55:28'),
	(842, 1, '24', '2018-11-30 13:55:28'),
	(843, 1, '36', '2018-11-30 13:55:28'),
	(844, 1, '20', '2018-11-30 13:55:28'),
	(845, 1, '32', '2018-11-30 13:55:28'),
	(846, 1, '31', '2018-11-30 13:55:28'),
	(847, 1, '27', '2018-11-30 13:55:28'),
	(848, 1, '30', '2018-11-30 13:55:28'),
	(849, 1, '25', '2018-11-30 13:55:28'),
	(850, 1, '26', '2018-11-30 13:55:28'),
	(851, 1, '31', '2018-11-30 13:55:28'),
	(852, 1, '24', '2018-11-30 13:55:28'),
	(853, 1, '24', '2018-11-30 13:55:28'),
	(854, 1, '32', '2018-11-30 13:55:28'),
	(855, 1, '36', '2018-11-30 13:55:28'),
	(856, 1, '25', '2018-11-30 13:55:28'),
	(857, 1, '38', '2018-11-30 13:55:28'),
	(858, 1, '24', '2018-11-30 13:55:28'),
	(859, 1, '31', '2018-11-30 13:55:28'),
	(860, 1, '33', '2018-11-30 13:55:28'),
	(861, 1, '27', '2018-11-30 13:55:28'),
	(862, 1, '33', '2018-11-30 13:55:28'),
	(863, 1, '28', '2018-11-30 13:55:28'),
	(864, 1, '32', '2018-11-30 13:55:28'),
	(865, 1, '35', '2018-11-30 13:55:28'),
	(866, 1, '34', '2018-11-30 13:55:28'),
	(867, 1, '38', '2018-11-30 13:55:28'),
	(868, 1, '33', '2018-11-30 13:55:28'),
	(869, 1, '37', '2018-11-30 13:55:28'),
	(870, 1, '35', '2018-11-30 13:55:28'),
	(871, 1, '27', '2018-11-30 13:55:28'),
	(872, 1, '26', '2018-11-30 13:55:28'),
	(873, 1, '34', '2018-11-30 13:55:28'),
	(874, 1, '30', '2018-11-30 13:55:28'),
	(875, 1, '38', '2018-11-30 13:55:28'),
	(876, 1, '23', '2018-11-30 13:55:28'),
	(877, 1, '24', '2018-11-30 13:55:28'),
	(878, 1, '33', '2018-11-30 13:55:28'),
	(879, 1, '23', '2018-11-30 13:55:28'),
	(880, 1, '28', '2018-11-30 13:55:28'),
	(881, 1, '34', '2018-11-30 13:55:28'),
	(882, 1, '32', '2018-11-30 13:55:28'),
	(883, 1, '35', '2018-11-30 13:55:28'),
	(884, 1, '30', '2018-11-30 13:55:28'),
	(885, 1, '32', '2018-11-30 13:55:28'),
	(886, 1, '31', '2018-11-30 13:55:28'),
	(887, 1, '36', '2018-11-30 13:55:28'),
	(888, 1, '35', '2018-11-30 13:55:28'),
	(889, 1, '26', '2018-11-30 13:55:28'),
	(890, 1, '29', '2018-11-30 13:55:28'),
	(891, 1, '24', '2018-11-30 13:55:28'),
	(892, 1, '38', '2018-11-30 13:55:28'),
	(893, 1, '20', '2018-11-30 13:55:28'),
	(894, 1, '22', '2018-11-30 13:55:28'),
	(895, 1, '29', '2018-11-30 13:55:28'),
	(896, 1, '36', '2018-11-30 13:55:28'),
	(897, 1, '33', '2018-11-30 13:55:28'),
	(898, 1, '21', '2018-11-30 13:55:28'),
	(899, 1, '20', '2018-11-30 13:55:28'),
	(900, 1, '32', '2018-11-30 13:55:28'),
	(901, 1, '32', '2018-11-30 13:55:28'),
	(902, 1, '34', '2018-11-30 13:55:28'),
	(903, 1, '27', '2018-11-30 13:55:28'),
	(904, 1, '37', '2018-11-30 13:55:28'),
	(905, 1, '25', '2018-11-30 13:55:28'),
	(906, 1, '37', '2018-11-30 13:55:29'),
	(907, 1, '30', '2018-11-30 13:55:29'),
	(908, 1, '34', '2018-11-30 13:55:29'),
	(909, 1, '21', '2018-11-30 13:55:29'),
	(910, 1, '34', '2018-11-30 13:55:29'),
	(911, 1, '32', '2018-11-30 13:55:29'),
	(912, 1, '34', '2018-11-30 13:55:29'),
	(913, 1, '24', '2018-11-30 13:55:29'),
	(914, 1, '37', '2018-11-30 13:55:29'),
	(915, 1, '38', '2018-11-30 13:55:29'),
	(916, 1, '28', '2018-11-30 13:55:29'),
	(917, 1, '28', '2018-11-30 13:55:29'),
	(918, 1, '21', '2018-11-30 13:55:29'),
	(919, 1, '24', '2018-11-30 13:55:29'),
	(920, 1, '29', '2018-11-30 13:55:29'),
	(921, 1, '29', '2018-11-30 13:55:29'),
	(922, 1, '27', '2018-11-30 13:55:29'),
	(923, 1, '31', '2018-11-30 13:55:29'),
	(924, 1, '32', '2018-11-30 13:55:29'),
	(925, 1, '38', '2018-11-30 13:55:29'),
	(926, 1, '25', '2018-11-30 13:55:29'),
	(927, 1, '21', '2018-11-30 13:55:29'),
	(928, 1, '37', '2018-11-30 13:55:29'),
	(929, 1, '21', '2018-11-30 13:55:29'),
	(930, 1, '30', '2018-11-30 13:55:29'),
	(931, 1, '25', '2018-11-30 13:55:29'),
	(932, 1, '22', '2018-11-30 13:55:29'),
	(933, 1, '30', '2018-11-30 13:55:29'),
	(934, 1, '31', '2018-11-30 13:55:29'),
	(935, 1, '38', '2018-11-30 13:55:29'),
	(936, 1, '20', '2018-11-30 13:55:29'),
	(937, 1, '33', '2018-11-30 13:55:29'),
	(938, 1, '34', '2018-11-30 13:55:29'),
	(939, 1, '37', '2018-11-30 13:55:29'),
	(940, 1, '33', '2018-11-30 13:55:29'),
	(941, 1, '31', '2018-11-30 13:55:29'),
	(942, 1, '21', '2018-11-30 13:55:29'),
	(943, 1, '28', '2018-11-30 13:55:29'),
	(944, 1, '32', '2018-11-30 13:55:29'),
	(945, 1, '23', '2018-11-30 13:55:29'),
	(946, 1, '28', '2018-11-30 13:55:29'),
	(947, 1, '34', '2018-11-30 13:55:29'),
	(948, 1, '37', '2018-11-30 13:55:29'),
	(949, 1, '22', '2018-11-30 13:55:29'),
	(950, 1, '27', '2018-11-30 13:55:29'),
	(951, 1, '27', '2018-11-30 13:55:29'),
	(952, 1, '36', '2018-11-30 13:55:29'),
	(953, 1, '29', '2018-11-30 13:55:29'),
	(954, 1, '24', '2018-11-30 13:55:29'),
	(955, 1, '35', '2018-11-30 13:55:29'),
	(956, 1, '26', '2018-11-30 13:55:29'),
	(957, 1, '24', '2018-11-30 13:55:29'),
	(958, 1, '33', '2018-11-30 13:55:29'),
	(959, 1, '37', '2018-11-30 13:55:29'),
	(960, 1, '27', '2018-11-30 13:55:29'),
	(961, 1, '37', '2018-11-30 13:55:29'),
	(962, 1, '27', '2018-11-30 13:55:29'),
	(963, 1, '28', '2018-11-30 13:55:29'),
	(964, 1, '26', '2018-11-30 13:55:29'),
	(965, 1, '38', '2018-11-30 13:55:29'),
	(966, 1, '24', '2018-11-30 13:55:29'),
	(967, 1, '32', '2018-11-30 13:55:29'),
	(968, 1, '34', '2018-11-30 13:55:29'),
	(969, 1, '37', '2018-11-30 13:55:29'),
	(970, 1, '26', '2018-11-30 13:55:29'),
	(971, 1, '30', '2018-11-30 13:55:29'),
	(972, 1, '28', '2018-11-30 13:55:29'),
	(973, 1, '38', '2018-11-30 13:55:29'),
	(974, 1, '26', '2018-11-30 13:55:29'),
	(975, 1, '28', '2018-11-30 13:55:29'),
	(976, 1, '21', '2018-11-30 13:55:29'),
	(977, 1, '33', '2018-11-30 13:55:29'),
	(978, 1, '28', '2018-11-30 13:55:29'),
	(979, 1, '24', '2018-11-30 13:55:29'),
	(980, 1, '27', '2018-11-30 13:55:29'),
	(981, 1, '37', '2018-11-30 13:55:29'),
	(982, 1, '34', '2018-11-30 13:55:29'),
	(983, 1, '21', '2018-11-30 13:55:29'),
	(984, 1, '29', '2018-11-30 13:55:29'),
	(985, 1, '21', '2018-11-30 13:55:29'),
	(986, 1, '22', '2018-11-30 13:55:29'),
	(987, 1, '29', '2018-11-30 13:55:29'),
	(988, 1, '26', '2018-11-30 13:55:29'),
	(989, 1, '37', '2018-11-30 13:55:29'),
	(990, 1, '36', '2018-11-30 13:55:29'),
	(991, 1, '24', '2018-11-30 13:55:29'),
	(992, 1, '38', '2018-11-30 13:55:29'),
	(993, 1, '27', '2018-11-30 13:55:29'),
	(994, 1, '36', '2018-11-30 13:55:29'),
	(995, 1, '32', '2018-11-30 13:55:29'),
	(996, 1, '21', '2018-11-30 13:55:29'),
	(997, 1, '36', '2018-11-30 13:55:29'),
	(998, 1, '34', '2018-11-30 13:55:29'),
	(999, 1, '38', '2018-11-30 13:55:29'),
	(1000, 1, '35', '2018-11-30 13:55:29'),
	(1001, 1, '32', '2018-11-30 13:55:29'),
	(1002, 1, '23', '2018-11-30 13:55:29'),
	(1003, 1, '30', '2018-11-30 13:55:29'),
	(1004, 1, '33', '2018-11-30 13:55:29'),
	(1005, 1, '28', '2018-11-30 13:55:29'),
	(1006, 1, '28', '2018-11-30 13:55:29'),
	(1007, 1, '30', '2018-11-30 13:55:29'),
	(1008, 1, '30', '2018-11-30 13:55:29'),
	(1009, 1, '27', '2018-11-30 13:55:29'),
	(1010, 1, '30', '2018-11-30 13:55:29'),
	(1011, 1, '23', '2018-11-30 13:55:29'),
	(1012, 1, '36', '2018-11-30 13:55:29'),
	(1013, 1, '25', '2018-11-30 13:55:29'),
	(1014, 1, '34', '2018-11-30 13:55:29'),
	(1015, 1, '35', '2018-11-30 13:55:29'),
	(1016, 1, '31', '2018-11-30 13:55:29'),
	(1017, 1, '27', '2018-11-30 13:55:29'),
	(1018, 1, '30', '2018-11-30 13:55:29'),
	(1019, 1, '38', '2018-11-30 13:55:29'),
	(1020, 1, '28', '2018-11-30 13:55:29'),
	(1021, 1, '31', '2018-11-30 13:55:29'),
	(1022, 1, '23', '2018-11-30 13:55:29'),
	(1023, 1, '32', '2018-11-30 13:55:29'),
	(1024, 1, '38', '2018-11-30 13:55:29'),
	(1025, 1, '36', '2018-11-30 13:55:29'),
	(1026, 1, '34', '2018-11-30 13:55:29'),
	(1027, 1, '27', '2018-11-30 13:55:29'),
	(1028, 1, '25', '2018-11-30 13:55:29'),
	(1029, 1, '36', '2018-11-30 13:55:29'),
	(1030, 1, '28', '2018-11-30 13:55:29'),
	(1031, 1, '23', '2018-11-30 13:55:29'),
	(1032, 1, '28', '2018-11-30 13:55:29'),
	(1033, 1, '38', '2018-11-30 13:55:29'),
	(1034, 1, '38', '2018-11-30 13:55:29'),
	(1035, 1, '21', '2018-11-30 13:55:29'),
	(1036, 1, '23', '2018-11-30 13:55:29'),
	(1037, 1, '32', '2018-11-30 13:55:29'),
	(1038, 1, '20', '2018-11-30 13:55:29'),
	(1039, 1, '30', '2018-11-30 13:55:29'),
	(1040, 1, '30', '2018-11-30 13:55:29'),
	(1041, 1, '32', '2018-11-30 13:55:29'),
	(1042, 1, '32', '2018-11-30 13:55:29'),
	(1043, 1, '31', '2018-11-30 13:55:29'),
	(1044, 1, '28', '2018-11-30 13:55:29'),
	(1045, 1, '24', '2018-11-30 13:55:29'),
	(1046, 1, '27', '2018-11-30 13:55:29'),
	(1047, 1, '29', '2018-11-30 13:55:29'),
	(1048, 1, '21', '2018-11-30 13:55:29'),
	(1049, 1, '22', '2018-11-30 13:55:29'),
	(1050, 1, '35', '2018-11-30 13:55:29'),
	(1051, 1, '20', '2018-11-30 13:55:29'),
	(1052, 1, '31', '2018-11-30 13:55:29'),
	(1053, 1, '33', '2018-11-30 13:55:29'),
	(1054, 1, '29', '2018-11-30 13:55:29'),
	(1055, 1, '25', '2018-11-30 13:55:29'),
	(1056, 1, '32', '2018-11-30 13:55:29'),
	(1057, 1, '23', '2018-11-30 13:55:29'),
	(1058, 1, '33', '2018-11-30 13:55:29'),
	(1059, 1, '29', '2018-11-30 13:55:29'),
	(1060, 1, '20', '2018-11-30 13:55:29'),
	(1061, 1, '37', '2018-11-30 13:55:29'),
	(1062, 1, '29', '2018-11-30 13:55:29'),
	(1063, 1, '33', '2018-11-30 13:55:29'),
	(1064, 1, '37', '2018-11-30 13:55:29'),
	(1065, 1, '25', '2018-11-30 13:55:29'),
	(1066, 1, '33', '2018-11-30 13:55:29'),
	(1067, 1, '25', '2018-11-30 13:55:29'),
	(1068, 1, '21', '2018-11-30 13:55:29'),
	(1069, 1, '25', '2018-11-30 13:55:29'),
	(1070, 1, '25', '2018-11-30 13:55:29'),
	(1071, 1, '36', '2018-11-30 13:55:29'),
	(1072, 1, '30', '2018-11-30 13:55:29'),
	(1073, 1, '29', '2018-11-30 13:55:29'),
	(1074, 1, '37', '2018-11-30 13:55:29'),
	(1075, 1, '23', '2018-11-30 13:55:29'),
	(1076, 1, '32', '2018-11-30 13:55:29'),
	(1077, 1, '28', '2018-11-30 13:55:29'),
	(1078, 1, '38', '2018-11-30 13:55:29'),
	(1079, 1, '33', '2018-11-30 13:55:29'),
	(1080, 1, '29', '2018-11-30 13:55:29'),
	(1081, 1, '29', '2018-11-30 13:55:29'),
	(1082, 1, '36', '2018-11-30 13:55:29'),
	(1083, 1, '22', '2018-11-30 13:55:29'),
	(1084, 1, '33', '2018-11-30 13:55:29'),
	(1085, 1, '24', '2018-11-30 13:55:29'),
	(1086, 1, '30', '2018-11-30 13:55:29'),
	(1087, 1, '31', '2018-11-30 13:55:29'),
	(1088, 1, '25', '2018-11-30 13:55:29'),
	(1089, 1, '31', '2018-11-30 13:55:29'),
	(1090, 1, '25', '2018-11-30 13:55:29'),
	(1091, 1, '25', '2018-11-30 13:55:29'),
	(1092, 1, '37', '2018-11-30 13:55:29'),
	(1093, 1, '38', '2018-11-30 13:55:29'),
	(1094, 1, '29', '2018-11-30 13:55:29'),
	(1095, 1, '32', '2018-11-30 13:55:29'),
	(1096, 1, '28', '2018-11-30 13:55:29'),
	(1097, 1, '28', '2018-11-30 13:55:29'),
	(1098, 1, '35', '2018-11-30 13:55:29'),
	(1099, 1, '26', '2018-11-30 13:55:29'),
	(1100, 1, '36', '2018-11-30 13:55:29'),
	(1101, 1, '36', '2018-11-30 13:55:29'),
	(1102, 1, '22', '2018-11-30 13:55:29'),
	(1103, 1, '37', '2018-11-30 13:55:29'),
	(1104, 1, '31', '2018-11-30 13:55:29'),
	(1105, 1, '37', '2018-11-30 13:55:29'),
	(1106, 1, '28', '2018-11-30 13:55:29'),
	(1107, 1, '33', '2018-11-30 13:55:29'),
	(1108, 1, '24', '2018-11-30 13:55:29'),
	(1109, 1, '28', '2018-11-30 13:55:29'),
	(1110, 1, '20', '2018-11-30 13:55:29'),
	(1111, 1, '24', '2018-11-30 13:55:29'),
	(1112, 1, '34', '2018-11-30 13:55:29'),
	(1113, 1, '25', '2018-11-30 13:55:29'),
	(1114, 1, '30', '2018-11-30 13:55:29'),
	(1115, 1, '21', '2018-11-30 13:55:29'),
	(1116, 1, '33', '2018-11-30 13:55:29'),
	(1117, 1, '34', '2018-11-30 13:55:29'),
	(1118, 1, '38', '2018-11-30 13:55:29'),
	(1119, 1, '20', '2018-11-30 13:55:29'),
	(1120, 1, '29', '2018-11-30 13:55:29'),
	(1121, 1, '37', '2018-11-30 13:55:29'),
	(1122, 1, '26', '2018-11-30 13:55:29'),
	(1123, 1, '29', '2018-11-30 13:55:29'),
	(1124, 1, '31', '2018-11-30 13:55:29'),
	(1125, 1, '34', '2018-11-30 13:55:29'),
	(1126, 1, '34', '2018-11-30 13:55:29'),
	(1127, 1, '25', '2018-11-30 13:55:29'),
	(1128, 1, '23', '2018-11-30 13:55:29'),
	(1129, 1, '36', '2018-11-30 13:55:29'),
	(1130, 1, '28', '2018-11-30 13:55:29'),
	(1131, 1, '33', '2018-11-30 13:55:29'),
	(1132, 1, '32', '2018-11-30 13:55:29'),
	(1133, 1, '21', '2018-11-30 13:55:29'),
	(1134, 1, '34', '2018-11-30 13:55:29'),
	(1135, 1, '25', '2018-11-30 13:55:29'),
	(1136, 1, '30', '2018-11-30 13:55:29'),
	(1137, 1, '32', '2018-11-30 13:55:29'),
	(1138, 1, '33', '2018-11-30 13:55:29'),
	(1139, 1, '33', '2018-11-30 13:55:29'),
	(1140, 1, '23', '2018-11-30 13:55:29'),
	(1141, 1, '30', '2018-11-30 13:55:29'),
	(1142, 1, '30', '2018-11-30 13:55:29'),
	(1143, 1, '33', '2018-11-30 13:55:29'),
	(1144, 1, '38', '2018-11-30 13:55:29'),
	(1145, 1, '37', '2018-11-30 13:55:29'),
	(1146, 1, '38', '2018-11-30 13:55:29'),
	(1147, 1, '21', '2018-11-30 13:55:29'),
	(1148, 1, '21', '2018-11-30 13:55:29'),
	(1149, 1, '37', '2018-11-30 13:55:29'),
	(1150, 1, '27', '2018-11-30 13:55:29'),
	(1151, 1, '26', '2018-11-30 13:55:29'),
	(1152, 1, '33', '2018-11-30 13:55:29'),
	(1153, 1, '22', '2018-11-30 13:55:29'),
	(1154, 1, '33', '2018-11-30 13:55:29'),
	(1155, 1, '33', '2018-11-30 13:55:29'),
	(1156, 1, '25', '2018-11-30 13:55:29'),
	(1157, 1, '31', '2018-11-30 13:55:29'),
	(1158, 1, '29', '2018-11-30 13:55:29'),
	(1159, 1, '27', '2018-11-30 13:55:29'),
	(1160, 1, '24', '2018-11-30 13:55:29'),
	(1161, 1, '26', '2018-11-30 13:55:29'),
	(1162, 1, '30', '2018-11-30 13:55:29'),
	(1163, 1, '28', '2018-11-30 13:55:29'),
	(1164, 1, '28', '2018-11-30 13:55:29'),
	(1165, 1, '28', '2018-11-30 13:55:29'),
	(1166, 1, '35', '2018-11-30 13:55:29'),
	(1167, 1, '34', '2018-11-30 13:55:29'),
	(1168, 1, '30', '2018-11-30 13:55:29'),
	(1169, 1, '20', '2018-11-30 13:55:30'),
	(1170, 1, '38', '2018-11-30 13:55:30'),
	(1171, 1, '32', '2018-11-30 13:55:30'),
	(1172, 1, '33', '2018-11-30 13:55:30'),
	(1173, 1, '38', '2018-11-30 13:55:30'),
	(1174, 1, '37', '2018-11-30 13:55:30'),
	(1175, 1, '38', '2018-11-30 13:55:30'),
	(1176, 1, '27', '2018-11-30 13:55:30'),
	(1177, 1, '35', '2018-11-30 13:55:30'),
	(1178, 1, '31', '2018-11-30 13:55:30'),
	(1179, 1, '20', '2018-11-30 13:55:30'),
	(1180, 1, '36', '2018-11-30 13:55:30'),
	(1181, 1, '38', '2018-11-30 13:55:30'),
	(1182, 1, '24', '2018-11-30 13:55:30'),
	(1183, 1, '29', '2018-11-30 13:55:30'),
	(1184, 1, '30', '2018-11-30 13:55:30'),
	(1185, 1, '33', '2018-11-30 13:55:30'),
	(1186, 1, '21', '2018-11-30 13:55:30'),
	(1187, 1, '28', '2018-11-30 13:55:30'),
	(1188, 1, '38', '2018-11-30 13:55:30'),
	(1189, 1, '31', '2018-11-30 13:55:30'),
	(1190, 1, '38', '2018-11-30 13:55:30'),
	(1191, 1, '28', '2018-11-30 13:55:30'),
	(1192, 1, '27', '2018-11-30 13:55:30'),
	(1193, 1, '36', '2018-11-30 13:55:30'),
	(1194, 1, '29', '2018-11-30 13:55:30'),
	(1195, 1, '22', '2018-11-30 13:55:30'),
	(1196, 1, '28', '2018-11-30 13:55:30'),
	(1197, 1, '29', '2018-11-30 13:55:30'),
	(1198, 1, '26', '2018-11-30 13:55:30'),
	(1199, 1, '29', '2018-11-30 13:55:30'),
	(1200, 1, '23', '2018-11-30 13:55:30'),
	(1201, 1, '38', '2018-11-30 13:55:30'),
	(1202, 1, '26', '2018-11-30 13:55:30'),
	(1203, 1, '22', '2018-11-30 13:55:30'),
	(1204, 1, '34', '2018-11-30 13:55:30'),
	(1205, 1, '27', '2018-11-30 13:55:30'),
	(1206, 1, '28', '2018-11-30 13:55:30'),
	(1207, 1, '27', '2018-11-30 13:55:30'),
	(1208, 1, '29', '2018-11-30 13:55:30'),
	(1209, 1, '20', '2018-11-30 13:55:30'),
	(1210, 1, '33', '2018-11-30 13:55:30'),
	(1211, 1, '28', '2018-11-30 13:55:30'),
	(1212, 1, '24', '2018-11-30 13:55:30'),
	(1213, 1, '28', '2018-11-30 13:55:30'),
	(1214, 1, '26', '2018-11-30 13:55:30'),
	(1215, 1, '29', '2018-11-30 13:55:30'),
	(1216, 1, '21', '2018-11-30 13:55:30'),
	(1217, 1, '28', '2018-11-30 13:55:30'),
	(1218, 1, '25', '2018-11-30 13:55:30'),
	(1219, 1, '26', '2018-11-30 13:55:30'),
	(1220, 1, '36', '2018-11-30 13:55:30'),
	(1221, 1, '36', '2018-11-30 13:55:30'),
	(1222, 1, '38', '2018-11-30 13:55:30'),
	(1223, 1, '37', '2018-11-30 13:55:30'),
	(1224, 1, '26', '2018-11-30 13:55:30'),
	(1225, 1, '21', '2018-11-30 13:55:30'),
	(1226, 1, '21', '2018-11-30 13:55:30'),
	(1227, 1, '27', '2018-11-30 13:55:30'),
	(1228, 1, '24', '2018-11-30 13:55:30'),
	(1229, 1, '34', '2018-11-30 13:55:30'),
	(1230, 1, '35', '2018-11-30 13:55:30'),
	(1231, 1, '25', '2018-11-30 13:55:30'),
	(1232, 1, '30', '2018-11-30 13:55:30'),
	(1233, 1, '29', '2018-11-30 13:55:30'),
	(1234, 1, '33', '2018-11-30 13:55:30'),
	(1235, 1, '20', '2018-11-30 13:55:30'),
	(1236, 1, '37', '2018-11-30 13:55:30'),
	(1237, 1, '38', '2018-11-30 13:55:30'),
	(1238, 1, '25', '2018-11-30 13:55:30'),
	(1239, 1, '30', '2018-11-30 13:55:30'),
	(1240, 1, '27', '2018-11-30 13:55:30'),
	(1241, 1, '28', '2018-11-30 13:55:30'),
	(1242, 1, '22', '2018-11-30 13:55:30'),
	(1243, 1, '28', '2018-11-30 13:55:30'),
	(1244, 1, '20', '2018-11-30 13:55:30'),
	(1245, 1, '32', '2018-11-30 13:55:30'),
	(1246, 1, '34', '2018-11-30 13:55:30'),
	(1247, 1, '34', '2018-11-30 13:55:30'),
	(1248, 1, '21', '2018-11-30 13:55:30'),
	(1249, 1, '35', '2018-11-30 13:55:30'),
	(1250, 1, '20', '2018-11-30 13:55:30'),
	(1251, 1, '36', '2018-11-30 13:55:30'),
	(1252, 1, '23', '2018-11-30 13:55:30'),
	(1253, 1, '23', '2018-11-30 13:55:30'),
	(1254, 1, '20', '2018-11-30 13:55:30'),
	(1255, 1, '31', '2018-11-30 13:55:30'),
	(1256, 1, '31', '2018-11-30 13:55:30'),
	(1257, 1, '38', '2018-11-30 13:55:30'),
	(1258, 1, '22', '2018-11-30 13:55:30'),
	(1259, 1, '21', '2018-11-30 13:55:30'),
	(1260, 1, '28', '2018-11-30 13:55:30'),
	(1261, 1, '23', '2018-11-30 13:55:30'),
	(1262, 1, '23', '2018-11-30 13:55:30'),
	(1263, 1, '25', '2018-11-30 13:55:30'),
	(1264, 1, '37', '2018-11-30 13:55:30'),
	(1265, 1, '30', '2018-11-30 13:55:30'),
	(1266, 1, '28', '2018-11-30 13:55:30'),
	(1267, 1, '21', '2018-11-30 13:55:30'),
	(1268, 1, '27', '2018-11-30 13:55:30'),
	(1269, 1, '31', '2018-11-30 13:55:30'),
	(1270, 1, '22', '2018-11-30 13:55:30'),
	(1271, 1, '30', '2018-11-30 13:55:30'),
	(1272, 1, '33', '2018-11-30 13:55:30'),
	(1273, 1, '32', '2018-11-30 13:55:30'),
	(1274, 1, '31', '2018-11-30 13:55:30'),
	(1275, 1, '28', '2018-11-30 13:55:30'),
	(1276, 1, '30', '2018-11-30 13:55:30'),
	(1277, 1, '25', '2018-11-30 13:55:30'),
	(1278, 1, '36', '2018-11-30 13:55:30'),
	(1279, 1, '28', '2018-11-30 13:55:30'),
	(1280, 1, '22', '2018-11-30 13:55:30'),
	(1281, 1, '29', '2018-11-30 13:55:30'),
	(1282, 1, '38', '2018-11-30 13:55:30'),
	(1283, 1, '27', '2018-11-30 13:55:30'),
	(1284, 1, '36', '2018-11-30 13:55:30'),
	(1285, 1, '29', '2018-11-30 13:55:30'),
	(1286, 1, '33', '2018-11-30 13:55:30'),
	(1287, 1, '35', '2018-11-30 13:55:30'),
	(1288, 1, '20', '2018-11-30 13:55:30'),
	(1289, 1, '25', '2018-11-30 13:55:30'),
	(1290, 1, '23', '2018-11-30 13:55:30'),
	(1291, 1, '26', '2018-11-30 13:55:30'),
	(1292, 1, '32', '2018-11-30 13:55:30'),
	(1293, 1, '32', '2018-11-30 13:55:30'),
	(1294, 1, '30', '2018-11-30 13:55:30'),
	(1295, 1, '35', '2018-11-30 13:55:30'),
	(1296, 1, '37', '2018-11-30 13:55:30'),
	(1297, 1, '29', '2018-11-30 13:55:30'),
	(1298, 1, '35', '2018-11-30 13:55:30'),
	(1299, 1, '36', '2018-11-30 13:55:30'),
	(1300, 1, '21', '2018-11-30 13:55:30'),
	(1301, 1, '36', '2018-11-30 13:55:30'),
	(1302, 1, '35', '2018-11-30 13:55:30'),
	(1303, 1, '21', '2018-11-30 13:55:30'),
	(1304, 1, '21', '2018-11-30 13:55:30'),
	(1305, 1, '24', '2018-11-30 13:55:30'),
	(1306, 1, '27', '2018-11-30 13:55:30'),
	(1307, 1, '36', '2018-11-30 13:55:30'),
	(1308, 1, '35', '2018-11-30 13:55:30'),
	(1309, 1, '20', '2018-11-30 13:55:30'),
	(1310, 1, '27', '2018-11-30 13:55:30'),
	(1311, 1, '21', '2018-11-30 13:55:30'),
	(1312, 1, '21', '2018-11-30 13:55:30'),
	(1313, 1, '30', '2018-11-30 13:55:30'),
	(1314, 1, '27', '2018-11-30 13:55:30'),
	(1315, 1, '20', '2018-11-30 13:55:30'),
	(1316, 1, '27', '2018-11-30 13:55:30'),
	(1317, 1, '25', '2018-11-30 13:55:30'),
	(1318, 1, '22', '2018-11-30 13:55:30'),
	(1319, 1, '24', '2018-11-30 13:55:30'),
	(1320, 1, '20', '2018-11-30 13:55:30'),
	(1321, 1, '37', '2018-11-30 13:55:30'),
	(1322, 1, '22', '2018-11-30 13:55:30'),
	(1323, 1, '24', '2018-11-30 13:55:30'),
	(1324, 1, '20', '2018-11-30 13:55:30'),
	(1325, 1, '22', '2018-11-30 13:55:30'),
	(1326, 1, '33', '2018-11-30 13:55:30'),
	(1327, 1, '29', '2018-11-30 13:55:30'),
	(1328, 1, '33', '2018-11-30 13:55:30'),
	(1329, 1, '30', '2018-11-30 13:55:30'),
	(1330, 1, '22', '2018-11-30 13:55:30'),
	(1331, 1, '35', '2018-11-30 13:55:30'),
	(1332, 1, '24', '2018-11-30 13:55:30'),
	(1333, 1, '22', '2018-11-30 13:55:30'),
	(1334, 1, '36', '2018-11-30 13:55:30'),
	(1335, 1, '35', '2018-11-30 13:55:30'),
	(1336, 1, '28', '2018-11-30 13:55:30'),
	(1337, 1, '20', '2018-11-30 13:55:30'),
	(1338, 1, '30', '2018-11-30 13:55:30'),
	(1339, 1, '24', '2018-11-30 13:55:30'),
	(1340, 1, '22', '2018-11-30 13:55:30'),
	(1341, 1, '33', '2018-11-30 13:55:30'),
	(1342, 1, '28', '2018-11-30 13:55:30'),
	(1343, 1, '23', '2018-11-30 13:55:30'),
	(1344, 1, '21', '2018-11-30 13:55:30'),
	(1345, 1, '26', '2018-11-30 13:55:30'),
	(1346, 1, '36', '2018-11-30 13:55:30'),
	(1347, 1, '20', '2018-11-30 13:55:30'),
	(1348, 1, '31', '2018-11-30 13:55:30'),
	(1349, 1, '37', '2018-11-30 13:55:30'),
	(1350, 1, '31', '2018-11-30 13:55:30'),
	(1351, 1, '24', '2018-11-30 13:55:30'),
	(1352, 1, '34', '2018-11-30 13:55:30'),
	(1353, 1, '24', '2018-11-30 13:55:30'),
	(1354, 1, '24', '2018-11-30 13:55:30'),
	(1355, 1, '23', '2018-11-30 13:55:30'),
	(1356, 1, '29', '2018-11-30 13:55:30'),
	(1357, 1, '32', '2018-11-30 13:55:30'),
	(1358, 1, '35', '2018-11-30 13:55:30'),
	(1359, 1, '32', '2018-11-30 13:55:30'),
	(1360, 1, '24', '2018-11-30 13:55:30'),
	(1361, 1, '23', '2018-11-30 13:55:30'),
	(1362, 1, '24', '2018-11-30 13:55:30'),
	(1363, 1, '37', '2018-11-30 13:55:30'),
	(1364, 1, '38', '2018-11-30 13:55:30'),
	(1365, 1, '30', '2018-11-30 13:55:30'),
	(1366, 1, '25', '2018-11-30 13:55:30'),
	(1367, 1, '34', '2018-11-30 13:55:30'),
	(1368, 1, '34', '2018-11-30 13:55:30'),
	(1369, 1, '21', '2018-11-30 13:55:30'),
	(1370, 1, '24', '2018-11-30 13:55:30'),
	(1371, 1, '33', '2018-11-30 13:55:30'),
	(1372, 1, '23', '2018-11-30 13:55:30'),
	(1373, 1, '31', '2018-11-30 13:55:30'),
	(1374, 1, '35', '2018-11-30 13:55:30'),
	(1375, 1, '32', '2018-11-30 13:55:30'),
	(1376, 1, '28', '2018-11-30 13:55:30'),
	(1377, 1, '23', '2018-11-30 13:55:30'),
	(1378, 1, '22', '2018-11-30 13:55:30'),
	(1379, 1, '26', '2018-11-30 13:55:30'),
	(1380, 1, '31', '2018-11-30 13:55:30'),
	(1381, 1, '36', '2018-11-30 13:55:30'),
	(1382, 1, '33', '2018-11-30 13:55:30'),
	(1383, 1, '37', '2018-11-30 13:55:30'),
	(1384, 1, '21', '2018-11-30 13:55:30'),
	(1385, 1, '28', '2018-11-30 13:55:30'),
	(1386, 1, '24', '2018-11-30 13:55:30'),
	(1387, 1, '31', '2018-11-30 13:55:30'),
	(1388, 1, '34', '2018-11-30 13:55:30'),
	(1389, 1, '21', '2018-11-30 13:55:30'),
	(1390, 1, '34', '2018-11-30 13:55:30'),
	(1391, 1, '31', '2018-11-30 13:55:30'),
	(1392, 1, '20', '2018-11-30 13:55:30'),
	(1393, 1, '22', '2018-11-30 13:55:30'),
	(1394, 1, '38', '2018-11-30 13:55:30'),
	(1395, 1, '37', '2018-11-30 13:55:30'),
	(1396, 1, '28', '2018-11-30 13:55:30'),
	(1397, 1, '31', '2018-11-30 13:55:30'),
	(1398, 1, '29', '2018-11-30 13:55:30'),
	(1399, 1, '32', '2018-11-30 13:55:30'),
	(1400, 1, '37', '2018-11-30 13:55:30'),
	(1401, 1, '26', '2018-11-30 13:55:30'),
	(1402, 1, '27', '2018-11-30 13:55:30'),
	(1403, 1, '29', '2018-11-30 13:55:30'),
	(1404, 1, '25', '2018-11-30 13:55:30'),
	(1405, 1, '31', '2018-11-30 13:55:30'),
	(1406, 1, '31', '2018-11-30 13:55:30'),
	(1407, 1, '36', '2018-11-30 13:55:30'),
	(1408, 1, '33', '2018-11-30 13:55:30'),
	(1409, 1, '33', '2018-11-30 13:55:30'),
	(1410, 1, '33', '2018-11-30 13:55:30'),
	(1411, 1, '27', '2018-11-30 13:55:30'),
	(1412, 1, '31', '2018-11-30 13:55:30'),
	(1413, 1, '29', '2018-11-30 13:55:30'),
	(1414, 1, '26', '2018-11-30 13:55:30'),
	(1415, 1, '26', '2018-11-30 13:55:30'),
	(1416, 1, '22', '2018-11-30 13:55:30'),
	(1417, 1, '24', '2018-11-30 13:55:30'),
	(1418, 1, '25', '2018-11-30 13:55:30'),
	(1419, 1, '29', '2018-11-30 13:55:30'),
	(1420, 1, '26', '2018-11-30 13:55:30'),
	(1421, 1, '24', '2018-11-30 13:55:30'),
	(1422, 1, '28', '2018-11-30 13:55:30'),
	(1423, 1, '21', '2018-11-30 13:55:30'),
	(1424, 1, '30', '2018-11-30 13:55:30'),
	(1425, 1, '28', '2018-11-30 13:55:30'),
	(1426, 1, '33', '2018-11-30 13:55:30'),
	(1427, 1, '26', '2018-11-30 13:55:30'),
	(1428, 1, '25', '2018-11-30 13:55:30'),
	(1429, 1, '22', '2018-11-30 13:55:30'),
	(1430, 1, '29', '2018-11-30 13:55:30'),
	(1431, 1, '21', '2018-11-30 13:55:30'),
	(1432, 1, '22', '2018-11-30 13:55:30'),
	(1433, 1, '22', '2018-11-30 13:55:30'),
	(1434, 1, '33', '2018-11-30 13:55:30'),
	(1435, 1, '36', '2018-11-30 13:55:30'),
	(1436, 1, '37', '2018-11-30 13:55:30'),
	(1437, 1, '27', '2018-11-30 13:55:30'),
	(1438, 1, '21', '2018-11-30 13:55:30'),
	(1439, 1, '24', '2018-11-30 13:55:30'),
	(1440, 1, '38', '2018-11-30 13:55:30'),
	(1441, 1, '32', '2018-11-30 13:55:30'),
	(1442, 1, '23', '2018-11-30 13:55:30'),
	(1443, 1, '37', '2018-11-30 13:55:30'),
	(1444, 1, '31', '2018-11-30 13:55:30'),
	(1445, 1, '36', '2018-11-30 13:55:30'),
	(1446, 1, '36', '2018-11-30 13:55:30'),
	(1447, 1, '33', '2018-11-30 13:55:30'),
	(1448, 1, '27', '2018-11-30 13:55:30'),
	(1449, 1, '23', '2018-11-30 13:55:30'),
	(1450, 1, '28', '2018-11-30 13:55:30'),
	(1451, 1, '36', '2018-11-30 13:55:30'),
	(1452, 1, '31', '2018-11-30 13:55:30'),
	(1453, 1, '35', '2018-11-30 13:55:30'),
	(1454, 1, '30', '2018-11-30 13:55:30'),
	(1455, 1, '34', '2018-11-30 13:55:30'),
	(1456, 1, '20', '2018-11-30 13:55:30'),
	(1457, 1, '34', '2018-11-30 13:55:30'),
	(1458, 1, '37', '2018-11-30 13:55:30'),
	(1459, 1, '26', '2018-11-30 13:55:30'),
	(1460, 1, '22', '2018-11-30 13:55:30'),
	(1461, 1, '20', '2018-11-30 13:55:30'),
	(1462, 1, '37', '2018-11-30 13:55:31'),
	(1463, 1, '20', '2018-11-30 13:55:31'),
	(1464, 1, '20', '2018-11-30 13:55:31'),
	(1465, 1, '27', '2018-11-30 13:55:31'),
	(1466, 1, '29', '2018-11-30 13:55:31'),
	(1467, 1, '38', '2018-11-30 13:55:31'),
	(1468, 1, '22', '2018-11-30 13:55:31'),
	(1469, 1, '33', '2018-11-30 13:55:31'),
	(1470, 1, '35', '2018-11-30 13:55:31'),
	(1471, 1, '22', '2018-11-30 13:55:31'),
	(1472, 1, '29', '2018-11-30 13:55:31'),
	(1473, 1, '36', '2018-11-30 13:55:31'),
	(1474, 1, '35', '2018-11-30 13:55:31'),
	(1475, 1, '35', '2018-11-30 13:55:31'),
	(1476, 1, '26', '2018-11-30 13:55:31'),
	(1477, 1, '23', '2018-11-30 13:55:31'),
	(1478, 1, '34', '2018-11-30 13:55:31'),
	(1479, 1, '36', '2018-11-30 13:55:31'),
	(1480, 1, '31', '2018-11-30 13:55:31'),
	(1481, 1, '24', '2018-11-30 13:55:31'),
	(1482, 1, '29', '2018-11-30 13:55:31'),
	(1483, 1, '25', '2018-11-30 13:55:31'),
	(1484, 1, '24', '2018-11-30 13:55:31'),
	(1485, 1, '28', '2018-11-30 13:55:31'),
	(1486, 1, '35', '2018-11-30 13:55:31'),
	(1487, 1, '38', '2018-11-30 13:55:31'),
	(1488, 1, '34', '2018-11-30 13:55:31'),
	(1489, 1, '35', '2018-11-30 13:55:31'),
	(1490, 1, '29', '2018-11-30 13:55:31'),
	(1491, 1, '35', '2018-11-30 13:55:31'),
	(1492, 1, '27', '2018-11-30 13:55:31'),
	(1493, 1, '37', '2018-11-30 13:55:31'),
	(1494, 1, '29', '2018-11-30 13:55:31'),
	(1495, 1, '26', '2018-11-30 13:55:31'),
	(1496, 1, '21', '2018-11-30 13:55:31'),
	(1497, 1, '36', '2018-11-30 13:55:31'),
	(1498, 1, '26', '2018-11-30 13:55:31'),
	(1499, 1, '36', '2018-11-30 13:55:31'),
	(1500, 1, '34', '2018-11-30 13:55:31'),
	(1501, 1, '35', '2018-11-30 13:55:31'),
	(1502, 1, '29', '2018-11-30 13:55:31'),
	(1503, 1, '28', '2018-11-30 13:55:31'),
	(1504, 1, '35', '2018-11-30 13:55:31'),
	(1505, 1, '38', '2018-11-30 13:55:31'),
	(1506, 1, '30', '2018-11-30 13:55:31'),
	(1507, 1, '25', '2018-11-30 13:55:31'),
	(1508, 1, '31', '2018-11-30 13:55:31'),
	(1509, 1, '26', '2018-11-30 13:55:31'),
	(1510, 1, '32', '2018-11-30 13:55:31'),
	(1511, 1, '30', '2018-11-30 13:55:31'),
	(1512, 1, '31', '2018-11-30 13:55:31'),
	(1513, 1, '36', '2018-11-30 13:55:31'),
	(1514, 1, '34', '2018-11-30 13:55:31'),
	(1515, 1, '21', '2018-11-30 13:55:31'),
	(1516, 1, '28', '2018-11-30 13:55:31'),
	(1517, 1, '21', '2018-11-30 13:55:31'),
	(1518, 1, '31', '2018-11-30 13:55:31'),
	(1519, 1, '37', '2018-11-30 13:55:31'),
	(1520, 1, '33', '2018-11-30 13:55:31'),
	(1521, 1, '31', '2018-11-30 13:55:31'),
	(1522, 1, '34', '2018-11-30 13:55:31'),
	(1523, 1, '20', '2018-11-30 13:55:31'),
	(1524, 1, '33', '2018-11-30 13:55:31'),
	(1525, 1, '36', '2018-11-30 13:55:31'),
	(1526, 1, '25', '2018-11-30 13:55:31'),
	(1527, 1, '32', '2018-11-30 13:55:31'),
	(1528, 1, '25', '2018-11-30 13:55:31'),
	(1529, 1, '26', '2018-11-30 13:55:31'),
	(1530, 1, '32', '2018-11-30 13:55:31'),
	(1531, 1, '34', '2018-11-30 13:55:31'),
	(1532, 1, '27', '2018-11-30 13:55:31'),
	(1533, 1, '26', '2018-11-30 13:55:31'),
	(1534, 1, '23', '2018-11-30 13:55:31'),
	(1535, 1, '29', '2018-11-30 13:55:31'),
	(1536, 1, '29', '2018-11-30 13:55:31'),
	(1537, 1, '22', '2018-11-30 13:55:31'),
	(1538, 1, '21', '2018-11-30 13:55:31'),
	(1539, 1, '27', '2018-11-30 13:55:31'),
	(1540, 1, '26', '2018-11-30 13:55:31'),
	(1541, 1, '21', '2018-11-30 13:55:31'),
	(1542, 1, '34', '2018-11-30 13:55:31'),
	(1543, 1, '36', '2018-11-30 13:55:31'),
	(1544, 1, '21', '2018-11-30 13:55:31'),
	(1545, 1, '26', '2018-11-30 13:55:31'),
	(1546, 1, '30', '2018-11-30 13:55:31'),
	(1547, 1, '31', '2018-11-30 13:55:31'),
	(1548, 1, '26', '2018-11-30 13:55:31'),
	(1549, 1, '34', '2018-11-30 13:55:31'),
	(1550, 1, '34', '2018-11-30 13:55:31'),
	(1551, 1, '38', '2018-11-30 13:55:31'),
	(1552, 1, '29', '2018-11-30 13:55:31'),
	(1553, 1, '28', '2018-11-30 13:55:31'),
	(1554, 1, '21', '2018-11-30 13:55:31'),
	(1555, 1, '24', '2018-11-30 13:55:31'),
	(1556, 1, '32', '2018-11-30 13:55:31'),
	(1557, 1, '37', '2018-11-30 13:55:31'),
	(1558, 1, '28', '2018-11-30 13:55:31'),
	(1559, 1, '27', '2018-11-30 13:55:31'),
	(1560, 1, '35', '2018-11-30 13:55:31'),
	(1561, 1, '37', '2018-11-30 13:55:31'),
	(1562, 1, '29', '2018-11-30 13:55:31'),
	(1563, 1, '33', '2018-11-30 13:55:31'),
	(1564, 1, '31', '2018-11-30 13:55:31'),
	(1565, 1, '36', '2018-11-30 13:55:31'),
	(1566, 1, '20', '2018-11-30 13:55:31'),
	(1567, 1, '37', '2018-11-30 13:55:31'),
	(1568, 1, '20', '2018-11-30 13:55:31'),
	(1569, 1, '21', '2018-11-30 13:55:31'),
	(1570, 1, '21', '2018-11-30 13:55:31'),
	(1571, 1, '22', '2018-11-30 13:55:31'),
	(1572, 1, '36', '2018-11-30 13:55:31'),
	(1573, 1, '33', '2018-11-30 13:55:31'),
	(1574, 1, '36', '2018-11-30 13:55:31'),
	(1575, 1, '24', '2018-11-30 13:55:31'),
	(1576, 1, '26', '2018-11-30 13:55:31'),
	(1577, 1, '29', '2018-11-30 13:55:31'),
	(1578, 1, '32', '2018-11-30 13:55:31'),
	(1579, 1, '28', '2018-11-30 13:55:31'),
	(1580, 1, '22', '2018-11-30 13:55:31'),
	(1581, 1, '37', '2018-11-30 13:55:31'),
	(1582, 1, '33', '2018-11-30 13:55:31'),
	(1583, 1, '23', '2018-11-30 13:55:31'),
	(1584, 1, '23', '2018-11-30 13:55:31'),
	(1585, 1, '37', '2018-11-30 13:55:31'),
	(1586, 1, '20', '2018-11-30 13:55:31'),
	(1587, 1, '37', '2018-11-30 13:55:31'),
	(1588, 1, '21', '2018-11-30 13:55:31'),
	(1589, 1, '22', '2018-11-30 13:55:31'),
	(1590, 1, '31', '2018-11-30 13:55:31'),
	(1591, 1, '29', '2018-11-30 13:55:31'),
	(1592, 1, '26', '2018-11-30 13:55:31'),
	(1593, 1, '34', '2018-11-30 13:55:31'),
	(1594, 1, '37', '2018-11-30 13:55:31'),
	(1595, 1, '22', '2018-11-30 13:55:31'),
	(1596, 1, '36', '2018-11-30 13:55:31'),
	(1597, 1, '21', '2018-11-30 13:55:31'),
	(1598, 1, '24', '2018-11-30 13:55:31'),
	(1599, 1, '21', '2018-11-30 13:55:31'),
	(1600, 1, '33', '2018-11-30 13:55:31'),
	(1601, 1, '31', '2018-11-30 13:55:31'),
	(1602, 1, '36', '2018-11-30 13:55:31'),
	(1603, 1, '31', '2018-11-30 13:55:31'),
	(1604, 1, '27', '2018-11-30 13:55:31'),
	(1605, 1, '34', '2018-11-30 13:55:31'),
	(1606, 1, '34', '2018-11-30 13:55:31'),
	(1607, 1, '36', '2018-11-30 13:55:31'),
	(1608, 1, '32', '2018-11-30 13:55:31'),
	(1609, 1, '29', '2018-11-30 13:55:31'),
	(1610, 1, '36', '2018-11-30 13:55:31'),
	(1611, 1, '21', '2018-11-30 13:55:31'),
	(1612, 1, '36', '2018-11-30 13:55:31'),
	(1613, 1, '28', '2018-11-30 13:55:31'),
	(1614, 1, '21', '2018-11-30 13:55:31'),
	(1615, 1, '27', '2018-11-30 13:55:31'),
	(1616, 1, '30', '2018-11-30 13:55:31'),
	(1617, 1, '35', '2018-11-30 13:55:31'),
	(1618, 1, '33', '2018-11-30 13:55:31'),
	(1619, 1, '28', '2018-11-30 13:55:31'),
	(1620, 1, '27', '2018-11-30 13:55:31'),
	(1621, 1, '21', '2018-11-30 13:55:31'),
	(1622, 1, '35', '2018-11-30 13:55:31'),
	(1623, 1, '38', '2018-11-30 13:55:31'),
	(1624, 1, '26', '2018-11-30 13:55:31'),
	(1625, 1, '34', '2018-11-30 13:55:31'),
	(1626, 1, '33', '2018-11-30 13:55:31'),
	(1627, 1, '30', '2018-11-30 13:55:31'),
	(1628, 1, '36', '2018-11-30 13:55:31'),
	(1629, 1, '28', '2018-11-30 13:55:31'),
	(1630, 1, '20', '2018-11-30 13:55:31'),
	(1631, 1, '25', '2018-11-30 13:55:31'),
	(1632, 1, '21', '2018-11-30 13:55:31'),
	(1633, 1, '34', '2018-11-30 13:55:31'),
	(1634, 1, '28', '2018-11-30 13:55:31'),
	(1635, 1, '21', '2018-11-30 13:55:31'),
	(1636, 1, '22', '2018-11-30 13:55:31'),
	(1637, 1, '31', '2018-11-30 13:55:31'),
	(1638, 1, '22', '2018-11-30 13:55:31'),
	(1639, 1, '34', '2018-11-30 13:55:31'),
	(1640, 1, '33', '2018-11-30 13:55:31'),
	(1641, 1, '32', '2018-11-30 13:55:31'),
	(1642, 1, '24', '2018-11-30 13:55:31'),
	(1643, 1, '20', '2018-11-30 13:55:31'),
	(1644, 1, '30', '2018-11-30 13:55:31'),
	(1645, 1, '24', '2018-11-30 13:55:31'),
	(1646, 1, '33', '2018-11-30 13:55:31'),
	(1647, 1, '29', '2018-11-30 13:55:31'),
	(1648, 1, '24', '2018-11-30 13:55:31'),
	(1649, 1, '36', '2018-11-30 13:55:31'),
	(1650, 1, '28', '2018-11-30 13:55:31'),
	(1651, 1, '38', '2018-11-30 13:55:31'),
	(1652, 1, '30', '2018-11-30 13:55:31'),
	(1653, 1, '33', '2018-11-30 13:55:31'),
	(1654, 1, '24', '2018-11-30 13:55:31'),
	(1655, 1, '20', '2018-11-30 13:55:31'),
	(1656, 1, '36', '2018-11-30 13:55:31'),
	(1657, 1, '30', '2018-11-30 13:55:31'),
	(1658, 1, '33', '2018-11-30 13:55:31'),
	(1659, 1, '31', '2018-11-30 13:55:31'),
	(1660, 1, '37', '2018-11-30 13:55:31'),
	(1661, 1, '27', '2018-11-30 13:55:31'),
	(1662, 1, '30', '2018-11-30 13:55:31'),
	(1663, 1, '36', '2018-11-30 13:55:31'),
	(1664, 1, '37', '2018-11-30 13:55:31'),
	(1665, 1, '38', '2018-11-30 13:55:31'),
	(1666, 1, '32', '2018-11-30 13:55:31'),
	(1667, 1, '21', '2018-11-30 13:55:31'),
	(1668, 1, '26', '2018-11-30 13:55:31'),
	(1669, 1, '29', '2018-11-30 13:55:31'),
	(1670, 1, '37', '2018-11-30 13:55:31'),
	(1671, 1, '38', '2018-11-30 13:55:31'),
	(1672, 1, '20', '2018-11-30 13:55:31'),
	(1673, 1, '26', '2018-11-30 13:55:31'),
	(1674, 1, '30', '2018-11-30 13:55:31'),
	(1675, 1, '36', '2018-11-30 13:55:31'),
	(1676, 1, '35', '2018-11-30 13:55:31'),
	(1677, 1, '32', '2018-11-30 13:55:31'),
	(1678, 1, '25', '2018-11-30 13:55:31'),
	(1679, 1, '31', '2018-11-30 13:55:31'),
	(1680, 1, '30', '2018-11-30 13:55:31'),
	(1681, 1, '37', '2018-11-30 13:55:31'),
	(1682, 1, '30', '2018-11-30 13:55:31'),
	(1683, 1, '31', '2018-11-30 13:55:31'),
	(1684, 1, '36', '2018-11-30 13:55:31'),
	(1685, 1, '31', '2018-11-30 13:55:31'),
	(1686, 1, '33', '2018-11-30 13:55:31'),
	(1687, 1, '34', '2018-11-30 13:55:31'),
	(1688, 1, '37', '2018-11-30 13:55:31'),
	(1689, 1, '35', '2018-11-30 13:55:31'),
	(1690, 1, '28', '2018-11-30 13:55:31'),
	(1691, 1, '34', '2018-11-30 13:55:31'),
	(1692, 1, '38', '2018-11-30 13:55:31'),
	(1693, 1, '36', '2018-11-30 13:55:31'),
	(1694, 1, '34', '2018-11-30 13:55:31'),
	(1695, 1, '28', '2018-11-30 13:55:31'),
	(1696, 1, '37', '2018-11-30 13:55:31'),
	(1697, 1, '29', '2018-11-30 13:55:31'),
	(1698, 1, '38', '2018-11-30 13:55:31'),
	(1699, 1, '21', '2018-11-30 13:55:31'),
	(1700, 1, '37', '2018-11-30 13:55:31'),
	(1701, 1, '25', '2018-11-30 13:55:31'),
	(1702, 1, '31', '2018-11-30 13:55:31'),
	(1703, 1, '30', '2018-11-30 13:55:31'),
	(1704, 1, '20', '2018-11-30 13:55:31'),
	(1705, 1, '37', '2018-11-30 13:55:31'),
	(1706, 1, '30', '2018-11-30 13:55:31'),
	(1707, 1, '35', '2018-11-30 13:55:31'),
	(1708, 1, '32', '2018-11-30 13:55:31'),
	(1709, 1, '27', '2018-11-30 13:55:31'),
	(1710, 1, '29', '2018-11-30 13:55:31'),
	(1711, 1, '21', '2018-11-30 13:55:31'),
	(1712, 1, '37', '2018-11-30 13:55:31'),
	(1713, 1, '26', '2018-11-30 13:55:31'),
	(1714, 1, '28', '2018-11-30 13:55:31'),
	(1715, 1, '37', '2018-11-30 13:55:31'),
	(1716, 1, '23', '2018-11-30 13:55:31'),
	(1717, 1, '23', '2018-11-30 13:55:31'),
	(1718, 1, '28', '2018-11-30 13:55:31'),
	(1719, 1, '38', '2018-11-30 13:55:31'),
	(1720, 1, '23', '2018-11-30 13:55:31'),
	(1721, 1, '37', '2018-11-30 13:55:31'),
	(1722, 1, '22', '2018-11-30 13:55:31'),
	(1723, 1, '24', '2018-11-30 13:55:31'),
	(1724, 1, '36', '2018-11-30 13:55:31'),
	(1725, 1, '34', '2018-11-30 13:55:31'),
	(1726, 1, '22', '2018-11-30 13:55:31'),
	(1727, 1, '28', '2018-11-30 13:55:31'),
	(1728, 1, '33', '2018-11-30 13:55:31'),
	(1729, 1, '28', '2018-11-30 13:55:31'),
	(1730, 1, '20', '2018-11-30 13:55:31'),
	(1731, 1, '20', '2018-11-30 13:55:31'),
	(1732, 1, '29', '2018-11-30 13:55:31'),
	(1733, 1, '22', '2018-11-30 13:55:31'),
	(1734, 1, '28', '2018-11-30 13:55:31'),
	(1735, 1, '27', '2018-11-30 13:55:31'),
	(1736, 1, '29', '2018-11-30 13:55:31'),
	(1737, 1, '37', '2018-11-30 13:55:31'),
	(1738, 1, '21', '2018-11-30 13:55:31'),
	(1739, 1, '38', '2018-11-30 13:55:31'),
	(1740, 1, '32', '2018-11-30 13:55:31'),
	(1741, 1, '20', '2018-11-30 13:55:31'),
	(1742, 1, '29', '2018-11-30 13:55:31'),
	(1743, 1, '33', '2018-11-30 13:55:31'),
	(1744, 1, '22', '2018-11-30 13:55:31'),
	(1745, 1, '31', '2018-11-30 13:55:31'),
	(1746, 1, '23', '2018-11-30 13:55:31'),
	(1747, 1, '25', '2018-11-30 13:55:31'),
	(1748, 1, '34', '2018-11-30 13:55:31'),
	(1749, 1, '31', '2018-11-30 13:55:31'),
	(1750, 1, '32', '2018-11-30 13:55:31'),
	(1751, 1, '36', '2018-11-30 13:55:31'),
	(1752, 1, '25', '2018-11-30 13:55:31'),
	(1753, 1, '25', '2018-11-30 13:55:31'),
	(1754, 1, '27', '2018-11-30 13:55:31'),
	(1755, 1, '20', '2018-11-30 13:55:31'),
	(1756, 1, '35', '2018-11-30 13:55:31'),
	(1757, 1, '37', '2018-11-30 13:55:31'),
	(1758, 1, '24', '2018-11-30 13:55:31'),
	(1759, 1, '21', '2018-11-30 13:55:31'),
	(1760, 1, '21', '2018-11-30 13:55:31'),
	(1761, 1, '26', '2018-11-30 13:55:31'),
	(1762, 1, '21', '2018-11-30 13:55:31'),
	(1763, 1, '27', '2018-11-30 13:55:31'),
	(1764, 1, '37', '2018-11-30 13:55:31'),
	(1765, 1, '22', '2018-11-30 13:55:31'),
	(1766, 1, '23', '2018-11-30 13:55:31'),
	(1767, 1, '34', '2018-11-30 13:55:31'),
	(1768, 1, '22', '2018-11-30 13:55:31'),
	(1769, 1, '27', '2018-11-30 13:55:31'),
	(1770, 1, '37', '2018-11-30 13:55:31'),
	(1771, 1, '24', '2018-11-30 13:55:31'),
	(1772, 1, '37', '2018-11-30 13:55:31'),
	(1773, 1, '20', '2018-11-30 13:55:31'),
	(1774, 1, '28', '2018-11-30 13:55:31'),
	(1775, 1, '20', '2018-11-30 13:55:32'),
	(1776, 1, '21', '2018-11-30 13:55:32'),
	(1777, 1, '34', '2018-11-30 13:55:32'),
	(1778, 1, '30', '2018-11-30 13:55:32'),
	(1779, 1, '24', '2018-11-30 13:55:32'),
	(1780, 1, '23', '2018-11-30 13:55:32'),
	(1781, 1, '35', '2018-11-30 13:55:32'),
	(1782, 1, '28', '2018-11-30 13:55:32'),
	(1783, 1, '24', '2018-11-30 13:55:32'),
	(1784, 1, '30', '2018-11-30 13:55:32'),
	(1785, 1, '27', '2018-11-30 13:55:32'),
	(1786, 1, '27', '2018-11-30 13:55:32'),
	(1787, 1, '29', '2018-11-30 13:55:32'),
	(1788, 1, '35', '2018-11-30 13:55:32'),
	(1789, 1, '24', '2018-11-30 13:55:32'),
	(1790, 1, '25', '2018-11-30 13:55:32'),
	(1791, 1, '33', '2018-11-30 13:55:32'),
	(1792, 1, '30', '2018-11-30 13:55:32'),
	(1793, 1, '38', '2018-11-30 13:55:32'),
	(1794, 1, '25', '2018-11-30 13:55:32'),
	(1795, 1, '25', '2018-11-30 13:55:32'),
	(1796, 1, '30', '2018-11-30 13:55:32'),
	(1797, 1, '22', '2018-11-30 13:55:32'),
	(1798, 1, '32', '2018-11-30 13:55:32'),
	(1799, 1, '31', '2018-11-30 13:55:32'),
	(1800, 1, '28', '2018-11-30 13:55:32'),
	(1801, 1, '31', '2018-11-30 13:55:32'),
	(1802, 1, '35', '2018-11-30 13:55:32'),
	(1803, 1, '33', '2018-11-30 13:55:32'),
	(1804, 1, '28', '2018-11-30 13:55:32'),
	(1805, 1, '35', '2018-11-30 13:55:32'),
	(1806, 1, '22', '2018-11-30 13:55:32'),
	(1807, 1, '23', '2018-11-30 13:55:32'),
	(1808, 1, '23', '2018-11-30 13:55:32'),
	(1809, 1, '23', '2018-11-30 13:55:32'),
	(1810, 1, '30', '2018-11-30 13:55:32'),
	(1811, 1, '31', '2018-11-30 13:55:32'),
	(1812, 1, '38', '2018-11-30 13:55:32'),
	(1813, 1, '31', '2018-11-30 13:55:32'),
	(1814, 1, '38', '2018-11-30 13:55:32'),
	(1815, 1, '24', '2018-11-30 13:55:32'),
	(1816, 1, '28', '2018-11-30 13:55:32'),
	(1817, 1, '25', '2018-11-30 13:55:32'),
	(1818, 1, '29', '2018-11-30 13:55:32'),
	(1819, 1, '27', '2018-11-30 13:55:32'),
	(1820, 1, '37', '2018-11-30 13:55:32'),
	(1821, 1, '32', '2018-11-30 13:55:32'),
	(1822, 1, '32', '2018-11-30 13:55:32'),
	(1823, 1, '32', '2018-11-30 13:55:32'),
	(1824, 1, '29', '2018-11-30 13:55:32'),
	(1825, 1, '29', '2018-11-30 13:55:32'),
	(1826, 1, '34', '2018-11-30 13:55:32'),
	(1827, 1, '34', '2018-11-30 13:55:32'),
	(1828, 1, '28', '2018-11-30 13:55:32'),
	(1829, 1, '37', '2018-11-30 13:55:32'),
	(1830, 1, '32', '2018-11-30 13:55:32'),
	(1831, 1, '22', '2018-11-30 13:55:32'),
	(1832, 1, '26', '2018-11-30 13:55:32'),
	(1833, 1, '37', '2018-11-30 13:55:32'),
	(1834, 1, '24', '2018-11-30 13:55:32'),
	(1835, 1, '27', '2018-11-30 13:55:32'),
	(1836, 1, '36', '2018-11-30 13:55:32'),
	(1837, 1, '26', '2018-11-30 13:55:32'),
	(1838, 1, '28', '2018-11-30 13:55:32'),
	(1839, 1, '22', '2018-11-30 13:55:32'),
	(1840, 1, '28', '2018-11-30 13:55:32'),
	(1841, 1, '25', '2018-11-30 13:55:32'),
	(1842, 1, '35', '2018-11-30 13:55:32'),
	(1843, 1, '21', '2018-11-30 13:55:32'),
	(1844, 1, '25', '2018-11-30 13:55:32'),
	(1845, 1, '28', '2018-11-30 13:55:32'),
	(1846, 1, '38', '2018-11-30 13:55:32'),
	(1847, 1, '37', '2018-11-30 13:55:32'),
	(1848, 1, '21', '2018-11-30 13:55:32'),
	(1849, 1, '27', '2018-11-30 13:55:32'),
	(1850, 1, '38', '2018-11-30 13:55:32'),
	(1851, 1, '38', '2018-11-30 13:55:32'),
	(1852, 1, '25', '2018-11-30 13:55:32'),
	(1853, 1, '25', '2018-11-30 13:55:32'),
	(1854, 1, '37', '2018-11-30 13:55:32'),
	(1855, 1, '26', '2018-11-30 13:55:32'),
	(1856, 1, '21', '2018-11-30 13:55:32'),
	(1857, 1, '20', '2018-11-30 13:55:32'),
	(1858, 1, '29', '2018-11-30 13:55:32'),
	(1859, 1, '28', '2018-11-30 13:55:32'),
	(1860, 1, '36', '2018-11-30 13:55:32'),
	(1861, 1, '31', '2018-11-30 13:55:32'),
	(1862, 1, '37', '2018-11-30 13:55:32'),
	(1863, 1, '38', '2018-11-30 13:55:32'),
	(1864, 1, '31', '2018-11-30 13:55:32'),
	(1865, 1, '32', '2018-11-30 13:55:32'),
	(1866, 1, '38', '2018-11-30 13:55:32'),
	(1867, 1, '36', '2018-11-30 13:55:32'),
	(1868, 1, '24', '2018-11-30 13:55:32'),
	(1869, 1, '24', '2018-11-30 13:55:32'),
	(1870, 1, '25', '2018-11-30 13:55:32'),
	(1871, 1, '38', '2018-11-30 13:55:32'),
	(1872, 1, '24', '2018-11-30 13:55:32'),
	(1873, 1, '26', '2018-11-30 13:55:32'),
	(1874, 1, '34', '2018-11-30 13:55:32'),
	(1875, 1, '21', '2018-11-30 13:55:32'),
	(1876, 1, '20', '2018-11-30 13:55:32'),
	(1877, 1, '20', '2018-11-30 13:55:32'),
	(1878, 1, '29', '2018-11-30 13:55:32'),
	(1879, 1, '31', '2018-11-30 13:55:32'),
	(1880, 1, '31', '2018-11-30 13:55:32'),
	(1881, 1, '21', '2018-11-30 13:55:32'),
	(1882, 1, '34', '2018-11-30 13:55:32'),
	(1883, 1, '34', '2018-11-30 13:55:32'),
	(1884, 1, '29', '2018-11-30 13:55:32'),
	(1885, 1, '21', '2018-11-30 13:55:32'),
	(1886, 1, '24', '2018-11-30 13:55:32'),
	(1887, 1, '34', '2018-11-30 13:55:32'),
	(1888, 1, '26', '2018-11-30 13:55:32'),
	(1889, 1, '22', '2018-11-30 13:55:32'),
	(1890, 1, '29', '2018-11-30 13:55:32'),
	(1891, 1, '34', '2018-11-30 13:55:32'),
	(1892, 1, '28', '2018-11-30 13:55:32'),
	(1893, 1, '23', '2018-11-30 13:55:32'),
	(1894, 1, '34', '2018-11-30 13:55:32'),
	(1895, 1, '28', '2018-11-30 13:55:32'),
	(1896, 1, '34', '2018-11-30 13:55:32'),
	(1897, 1, '34', '2018-11-30 13:55:32'),
	(1898, 1, '21', '2018-11-30 13:55:32'),
	(1899, 1, '31', '2018-11-30 13:55:32'),
	(1900, 1, '29', '2018-11-30 13:55:32'),
	(1901, 1, '24', '2018-11-30 13:55:32'),
	(1902, 1, '25', '2018-11-30 13:55:32'),
	(1903, 1, '37', '2018-11-30 13:55:32'),
	(1904, 1, '32', '2018-11-30 13:55:32'),
	(1905, 1, '35', '2018-11-30 13:55:32'),
	(1906, 1, '30', '2018-11-30 13:55:32'),
	(1907, 1, '29', '2018-11-30 13:55:32'),
	(1908, 1, '37', '2018-11-30 13:55:32'),
	(1909, 1, '27', '2018-11-30 13:55:32'),
	(1910, 1, '20', '2018-11-30 13:55:32'),
	(1911, 1, '21', '2018-11-30 13:55:32'),
	(1912, 1, '26', '2018-11-30 13:55:32'),
	(1913, 1, '25', '2018-11-30 13:55:32'),
	(1914, 1, '38', '2018-11-30 13:55:32'),
	(1915, 1, '32', '2018-11-30 13:55:32'),
	(1916, 1, '25', '2018-11-30 13:55:32'),
	(1917, 1, '35', '2018-11-30 13:55:32'),
	(1918, 1, '34', '2018-11-30 13:55:32'),
	(1919, 1, '35', '2018-11-30 13:55:32'),
	(1920, 1, '21', '2018-11-30 13:55:32'),
	(1921, 1, '21', '2018-11-30 13:55:32'),
	(1922, 1, '33', '2018-11-30 13:55:32'),
	(1923, 1, '29', '2018-11-30 13:55:32'),
	(1924, 1, '38', '2018-11-30 13:55:32'),
	(1925, 1, '20', '2018-11-30 13:55:32'),
	(1926, 1, '36', '2018-11-30 13:55:32'),
	(1927, 1, '25', '2018-11-30 13:55:32'),
	(1928, 1, '28', '2018-11-30 13:55:32'),
	(1929, 1, '31', '2018-11-30 13:55:32'),
	(1930, 1, '30', '2018-11-30 13:55:32'),
	(1931, 1, '38', '2018-11-30 13:55:32'),
	(1932, 1, '36', '2018-11-30 13:55:32'),
	(1933, 1, '32', '2018-11-30 13:55:32'),
	(1934, 1, '21', '2018-11-30 13:55:32'),
	(1935, 1, '24', '2018-11-30 13:55:32'),
	(1936, 1, '36', '2018-11-30 13:55:32'),
	(1937, 1, '36', '2018-11-30 13:55:32'),
	(1938, 1, '23', '2018-11-30 13:55:32'),
	(1939, 1, '22', '2018-11-30 13:55:32'),
	(1940, 1, '25', '2018-11-30 13:55:32'),
	(1941, 1, '22', '2018-11-30 13:55:32'),
	(1942, 1, '24', '2018-11-30 13:55:32'),
	(1943, 1, '24', '2018-11-30 13:55:32'),
	(1944, 1, '38', '2018-11-30 13:55:32'),
	(1945, 1, '36', '2018-11-30 13:55:32'),
	(1946, 1, '22', '2018-11-30 13:55:32'),
	(1947, 1, '34', '2018-11-30 13:55:32'),
	(1948, 1, '24', '2018-11-30 13:55:32'),
	(1949, 1, '25', '2018-11-30 13:55:32'),
	(1950, 1, '28', '2018-11-30 13:55:32'),
	(1951, 1, '21', '2018-11-30 13:55:32'),
	(1952, 1, '24', '2018-11-30 13:55:32'),
	(1953, 1, '38', '2018-11-30 13:55:32'),
	(1954, 1, '24', '2018-11-30 13:55:32'),
	(1955, 1, '34', '2018-11-30 13:55:32'),
	(1956, 1, '32', '2018-11-30 13:55:32'),
	(1957, 1, '32', '2018-11-30 13:55:32'),
	(1958, 1, '21', '2018-11-30 13:55:32'),
	(1959, 1, '23', '2018-11-30 13:55:32'),
	(1960, 1, '36', '2018-11-30 13:55:32'),
	(1961, 1, '32', '2018-11-30 13:55:32'),
	(1962, 1, '32', '2018-11-30 13:55:32'),
	(1963, 1, '31', '2018-11-30 13:55:32'),
	(1964, 1, '23', '2018-11-30 13:55:32'),
	(1965, 1, '31', '2018-11-30 13:55:32'),
	(1966, 1, '28', '2018-11-30 13:55:32'),
	(1967, 1, '21', '2018-11-30 13:55:32'),
	(1968, 1, '21', '2018-11-30 13:55:32'),
	(1969, 1, '34', '2018-11-30 13:55:32'),
	(1970, 1, '28', '2018-11-30 13:55:32'),
	(1971, 1, '29', '2018-11-30 13:55:32'),
	(1972, 1, '38', '2018-11-30 13:55:32'),
	(1973, 1, '36', '2018-11-30 13:55:32'),
	(1974, 1, '33', '2018-11-30 13:55:32'),
	(1975, 1, '26', '2018-11-30 13:55:32'),
	(1976, 1, '38', '2018-11-30 13:55:32'),
	(1977, 1, '37', '2018-11-30 13:55:32'),
	(1978, 1, '38', '2018-11-30 13:55:32'),
	(1979, 1, '32', '2018-11-30 13:55:32'),
	(1980, 1, '33', '2018-11-30 13:55:32'),
	(1981, 1, '24', '2018-11-30 13:55:32'),
	(1982, 1, '38', '2018-11-30 13:55:32'),
	(1983, 1, '20', '2018-11-30 13:55:32'),
	(1984, 1, '32', '2018-11-30 13:55:32'),
	(1985, 1, '26', '2018-11-30 13:55:32'),
	(1986, 1, '24', '2018-11-30 13:55:32'),
	(1987, 1, '25', '2018-11-30 13:55:32'),
	(1988, 1, '30', '2018-11-30 13:55:32'),
	(1989, 1, '21', '2018-11-30 13:55:32'),
	(1990, 1, '25', '2018-11-30 13:55:32'),
	(1991, 1, '33', '2018-11-30 13:55:32'),
	(1992, 1, '34', '2018-11-30 13:55:32'),
	(1993, 1, '22', '2018-11-30 13:55:32'),
	(1994, 1, '37', '2018-11-30 13:55:32'),
	(1995, 1, '21', '2018-11-30 13:55:32'),
	(1996, 1, '20', '2018-11-30 13:55:32'),
	(1997, 1, '20', '2018-11-30 13:55:32'),
	(1998, 1, '25', '2018-11-30 13:55:32'),
	(1999, 1, '25', '2018-11-30 13:55:32'),
	(2000, 1, '33', '2018-11-30 13:55:32'),
	(2001, 1, '34', '2018-11-30 13:55:32'),
	(2002, 1, '25', '2018-11-30 13:55:32'),
	(2003, 1, '24', '2018-11-30 13:55:32'),
	(2004, 1, '21', '2018-11-30 13:55:32'),
	(2005, 1, '26', '2018-11-30 13:55:32'),
	(2006, 1, '20', '2018-11-30 13:55:32'),
	(2007, 1, '24', '2018-11-30 13:55:32'),
	(2008, 1, '22', '2018-11-30 13:55:32'),
	(2009, 1, '36', '2018-11-30 13:55:32'),
	(2010, 1, '24', '2018-11-30 13:55:32'),
	(2011, 1, '33', '2018-11-30 13:55:32'),
	(2012, 1, '25', '2018-11-30 13:55:32'),
	(2013, 1, '38', '2018-11-30 13:55:32'),
	(2014, 1, '36', '2018-11-30 13:55:32'),
	(2015, 1, '27', '2018-11-30 13:55:32'),
	(2016, 1, '37', '2018-11-30 13:55:32'),
	(2017, 1, '22', '2018-11-30 13:55:32'),
	(2018, 1, '20', '2018-11-30 13:55:32'),
	(2019, 1, '35', '2018-11-30 13:55:32'),
	(2020, 1, '36', '2018-11-30 13:55:32'),
	(2021, 1, '27', '2018-11-30 13:55:32'),
	(2022, 1, '25', '2018-11-30 13:55:32'),
	(2023, 1, '35', '2018-11-30 13:55:32'),
	(2024, 1, '31', '2018-11-30 13:55:32'),
	(2025, 1, '26', '2018-11-30 13:55:32'),
	(2026, 1, '21', '2018-11-30 13:55:32'),
	(2027, 1, '23', '2018-11-30 13:55:32'),
	(2028, 1, '20', '2018-11-30 13:55:32'),
	(2029, 1, '28', '2018-11-30 13:55:32'),
	(2030, 1, '22', '2018-11-30 13:55:32'),
	(2031, 1, '31', '2018-11-30 13:55:32'),
	(2032, 1, '30', '2018-11-30 13:55:32'),
	(2033, 1, '35', '2018-11-30 13:55:32'),
	(2034, 1, '38', '2018-11-30 13:55:32'),
	(2035, 1, '27', '2018-11-30 13:55:32'),
	(2036, 1, '33', '2018-11-30 13:55:32'),
	(2037, 1, '37', '2018-11-30 13:55:32'),
	(2038, 1, '25', '2018-11-30 13:55:32'),
	(2039, 1, '22', '2018-11-30 13:55:32'),
	(2040, 1, '38', '2018-11-30 13:55:32'),
	(2041, 1, '34', '2018-11-30 13:55:32'),
	(2042, 1, '33', '2018-11-30 13:55:32'),
	(2043, 1, '38', '2018-11-30 13:55:32'),
	(2044, 1, '22', '2018-11-30 13:55:32'),
	(2045, 1, '35', '2018-11-30 13:55:32'),
	(2046, 1, '34', '2018-11-30 13:55:32'),
	(2047, 1, '24', '2018-11-30 13:55:32'),
	(2048, 1, '28', '2018-11-30 13:55:32'),
	(2049, 1, '28', '2018-11-30 13:55:32'),
	(2050, 1, '21', '2018-11-30 13:55:32'),
	(2051, 1, '23', '2018-11-30 13:55:32'),
	(2052, 1, '32', '2018-11-30 13:55:32'),
	(2053, 1, '27', '2018-11-30 13:55:32'),
	(2054, 1, '26', '2018-11-30 13:55:32'),
	(2055, 1, '22', '2018-11-30 13:55:32'),
	(2056, 1, '22', '2018-11-30 13:55:32'),
	(2057, 1, '23', '2018-11-30 13:55:32'),
	(2058, 1, '31', '2018-11-30 13:55:32'),
	(2059, 1, '20', '2018-11-30 13:55:32'),
	(2060, 1, '23', '2018-11-30 13:55:32'),
	(2061, 1, '38', '2018-11-30 13:55:32'),
	(2062, 1, '20', '2018-11-30 13:55:32'),
	(2063, 1, '29', '2018-11-30 13:55:33'),
	(2064, 1, '37', '2018-11-30 13:55:33'),
	(2065, 1, '29', '2018-11-30 13:55:33'),
	(2066, 1, '22', '2018-11-30 13:55:33'),
	(2067, 1, '27', '2018-11-30 13:55:33'),
	(2068, 1, '35', '2018-11-30 13:55:33'),
	(2069, 1, '25', '2018-11-30 13:55:33'),
	(2070, 1, '21', '2018-11-30 13:55:33'),
	(2071, 1, '20', '2018-11-30 13:55:33'),
	(2072, 1, '21', '2018-11-30 13:55:33'),
	(2073, 1, '35', '2018-11-30 13:55:33'),
	(2074, 1, '29', '2018-11-30 13:55:33'),
	(2075, 1, '21', '2018-11-30 13:55:33'),
	(2076, 1, '24', '2018-11-30 13:55:33'),
	(2077, 1, '36', '2018-11-30 13:55:33'),
	(2078, 1, '33', '2018-11-30 13:55:33'),
	(2079, 1, '20', '2018-11-30 13:55:33'),
	(2080, 1, '31', '2018-11-30 13:55:33'),
	(2081, 1, '36', '2018-11-30 13:55:33'),
	(2082, 1, '25', '2018-11-30 13:55:33'),
	(2083, 1, '27', '2018-11-30 13:55:33'),
	(2084, 1, '33', '2018-11-30 13:55:33'),
	(2085, 1, '37', '2018-11-30 13:55:33'),
	(2086, 1, '24', '2018-11-30 13:55:33'),
	(2087, 1, '20', '2018-11-30 13:55:33'),
	(2088, 1, '37', '2018-11-30 13:55:33'),
	(2089, 1, '27', '2018-11-30 13:55:33'),
	(2090, 1, '30', '2018-11-30 13:55:33'),
	(2091, 1, '25', '2018-11-30 13:55:33'),
	(2092, 1, '31', '2018-11-30 13:55:33'),
	(2093, 1, '30', '2018-11-30 13:55:33'),
	(2094, 1, '31', '2018-11-30 13:55:33'),
	(2095, 1, '30', '2018-11-30 13:55:33'),
	(2096, 1, '33', '2018-11-30 13:55:33'),
	(2097, 1, '25', '2018-11-30 13:55:33'),
	(2098, 1, '24', '2018-11-30 13:55:33'),
	(2099, 1, '36', '2018-11-30 13:55:33'),
	(2100, 1, '28', '2018-11-30 13:55:33'),
	(2101, 1, '38', '2018-11-30 13:55:33'),
	(2102, 1, '26', '2018-11-30 13:55:33'),
	(2103, 1, '20', '2018-11-30 13:55:33'),
	(2104, 1, '21', '2018-11-30 13:55:33'),
	(2105, 1, '21', '2018-11-30 13:55:33'),
	(2106, 1, '22', '2018-11-30 13:55:33'),
	(2107, 1, '30', '2018-11-30 13:55:33'),
	(2108, 1, '21', '2018-11-30 13:55:33'),
	(2109, 1, '32', '2018-11-30 13:55:33'),
	(2110, 1, '29', '2018-11-30 13:55:33'),
	(2111, 1, '29', '2018-11-30 13:55:33'),
	(2112, 1, '33', '2018-11-30 13:55:33'),
	(2113, 1, '23', '2018-11-30 13:55:33'),
	(2114, 1, '21', '2018-11-30 13:55:33'),
	(2115, 1, '33', '2018-11-30 13:55:33'),
	(2116, 1, '24', '2018-11-30 13:55:33'),
	(2117, 1, '31', '2018-11-30 13:55:33'),
	(2118, 1, '26', '2018-11-30 13:55:33'),
	(2119, 1, '33', '2018-11-30 13:55:33'),
	(2120, 1, '35', '2018-11-30 13:55:33'),
	(2121, 1, '36', '2018-11-30 13:55:33'),
	(2122, 1, '23', '2018-11-30 13:55:33'),
	(2123, 1, '31', '2018-11-30 13:55:33'),
	(2124, 1, '20', '2018-11-30 13:55:33'),
	(2125, 1, '24', '2018-11-30 13:55:33'),
	(2126, 1, '27', '2018-11-30 13:55:33'),
	(2127, 1, '21', '2018-11-30 13:55:33'),
	(2128, 1, '23', '2018-11-30 13:55:33'),
	(2129, 1, '34', '2018-11-30 13:55:33'),
	(2130, 1, '25', '2018-11-30 13:55:33'),
	(2131, 1, '26', '2018-11-30 13:55:33'),
	(2132, 1, '24', '2018-11-30 13:55:33'),
	(2133, 1, '22', '2018-11-30 13:55:33'),
	(2134, 1, '26', '2018-11-30 13:55:33'),
	(2135, 1, '21', '2018-11-30 13:55:33'),
	(2136, 1, '33', '2018-11-30 13:55:33'),
	(2137, 1, '28', '2018-11-30 13:55:33'),
	(2138, 1, '28', '2018-11-30 13:55:33'),
	(2139, 1, '24', '2018-11-30 13:55:33'),
	(2140, 1, '29', '2018-11-30 13:55:33'),
	(2141, 1, '38', '2018-11-30 13:55:33'),
	(2142, 1, '30', '2018-11-30 13:55:33'),
	(2143, 1, '21', '2018-11-30 13:55:33'),
	(2144, 1, '22', '2018-11-30 13:55:33'),
	(2145, 1, '23', '2018-11-30 13:55:33'),
	(2146, 1, '27', '2018-11-30 13:55:33'),
	(2147, 1, '31', '2018-11-30 13:55:33'),
	(2148, 1, '36', '2018-11-30 13:55:33'),
	(2149, 1, '31', '2018-11-30 13:55:33'),
	(2150, 1, '22', '2018-11-30 13:55:33'),
	(2151, 1, '38', '2018-11-30 13:55:33'),
	(2152, 1, '32', '2018-11-30 13:55:33'),
	(2153, 1, '21', '2018-11-30 13:55:33'),
	(2154, 1, '27', '2018-11-30 13:55:33'),
	(2155, 1, '37', '2018-11-30 13:55:33'),
	(2156, 1, '27', '2018-11-30 13:55:33'),
	(2157, 1, '22', '2018-11-30 13:55:33'),
	(2158, 1, '20', '2018-11-30 13:55:33'),
	(2159, 1, '38', '2018-11-30 13:55:33'),
	(2160, 1, '33', '2018-11-30 13:55:33'),
	(2161, 1, '33', '2018-11-30 13:55:33'),
	(2162, 1, '34', '2018-11-30 13:55:33'),
	(2163, 1, '37', '2018-11-30 13:55:33'),
	(2164, 1, '35', '2018-11-30 13:55:33'),
	(2165, 1, '32', '2018-11-30 13:55:33'),
	(2166, 1, '34', '2018-11-30 13:55:33'),
	(2167, 1, '29', '2018-11-30 13:55:33'),
	(2168, 1, '32', '2018-11-30 13:55:33'),
	(2169, 1, '23', '2018-11-30 13:55:33'),
	(2170, 1, '24', '2018-11-30 13:55:33'),
	(2171, 1, '20', '2018-11-30 13:55:33'),
	(2172, 1, '24', '2018-11-30 13:55:33'),
	(2173, 1, '34', '2018-11-30 13:55:33'),
	(2174, 1, '29', '2018-11-30 13:55:33'),
	(2175, 1, '20', '2018-11-30 13:55:33'),
	(2176, 1, '22', '2018-11-30 13:55:33'),
	(2177, 1, '25', '2018-11-30 13:55:33'),
	(2178, 1, '30', '2018-11-30 13:55:33'),
	(2179, 1, '32', '2018-11-30 13:55:33'),
	(2180, 1, '38', '2018-11-30 13:55:33'),
	(2181, 1, '34', '2018-11-30 13:55:33'),
	(2182, 1, '32', '2018-11-30 13:55:33'),
	(2183, 1, '26', '2018-11-30 13:55:33'),
	(2184, 1, '30', '2018-11-30 13:55:33'),
	(2185, 1, '24', '2018-11-30 13:55:33'),
	(2186, 1, '33', '2018-11-30 13:55:33'),
	(2187, 1, '33', '2018-11-30 13:55:33'),
	(2188, 1, '23', '2018-11-30 13:55:33'),
	(2189, 1, '20', '2018-11-30 13:55:33'),
	(2190, 1, '34', '2018-11-30 13:55:33'),
	(2191, 1, '33', '2018-11-30 13:55:33'),
	(2192, 1, '22', '2018-11-30 13:55:33'),
	(2193, 1, '26', '2018-11-30 13:55:33'),
	(2194, 1, '31', '2018-11-30 13:55:33'),
	(2195, 1, '24', '2018-11-30 13:55:33'),
	(2196, 1, '38', '2018-11-30 13:55:33'),
	(2197, 1, '28', '2018-11-30 13:55:33'),
	(2198, 1, '30', '2018-11-30 13:55:33'),
	(2199, 1, '31', '2018-11-30 13:55:33'),
	(2200, 1, '28', '2018-11-30 13:55:33'),
	(2201, 1, '35', '2018-11-30 13:55:33'),
	(2202, 1, '26', '2018-11-30 13:55:33'),
	(2203, 1, '35', '2018-11-30 13:55:33'),
	(2204, 1, '30', '2018-11-30 13:55:33'),
	(2205, 1, '23', '2018-11-30 13:55:33'),
	(2206, 1, '28', '2018-11-30 13:55:33'),
	(2207, 1, '36', '2018-11-30 13:55:33'),
	(2208, 1, '24', '2018-11-30 13:55:33'),
	(2209, 1, '25', '2018-11-30 13:55:33'),
	(2210, 1, '34', '2018-11-30 13:55:33'),
	(2211, 1, '20', '2018-11-30 13:55:33'),
	(2212, 1, '25', '2018-11-30 13:55:33'),
	(2213, 1, '33', '2018-11-30 13:55:33'),
	(2214, 1, '38', '2018-11-30 13:55:33'),
	(2215, 1, '35', '2018-11-30 13:55:33'),
	(2216, 1, '29', '2018-11-30 13:55:33'),
	(2217, 1, '20', '2018-11-30 13:55:33'),
	(2218, 1, '29', '2018-11-30 13:55:33'),
	(2219, 1, '21', '2018-11-30 13:55:33'),
	(2220, 1, '34', '2018-11-30 13:55:33'),
	(2221, 1, '33', '2018-11-30 13:55:33'),
	(2222, 1, '24', '2018-11-30 13:55:33'),
	(2223, 1, '20', '2018-11-30 13:55:33'),
	(2224, 1, '24', '2018-11-30 13:55:33'),
	(2225, 1, '21', '2018-11-30 13:55:33'),
	(2226, 1, '32', '2018-11-30 13:55:33'),
	(2227, 1, '26', '2018-11-30 13:55:33'),
	(2228, 1, '30', '2018-11-30 13:55:33'),
	(2229, 1, '27', '2018-11-30 13:55:33'),
	(2230, 1, '27', '2018-11-30 13:55:33'),
	(2231, 1, '31', '2018-11-30 13:55:33'),
	(2232, 1, '29', '2018-11-30 13:55:33'),
	(2233, 1, '33', '2018-11-30 13:55:33'),
	(2234, 1, '22', '2018-11-30 13:55:33'),
	(2235, 1, '32', '2018-11-30 13:55:33'),
	(2236, 1, '24', '2018-11-30 13:55:33'),
	(2237, 1, '30', '2018-11-30 13:55:33'),
	(2238, 1, '22', '2018-11-30 13:55:33'),
	(2239, 1, '21', '2018-11-30 13:55:33'),
	(2240, 1, '31', '2018-11-30 13:55:33'),
	(2241, 1, '38', '2018-11-30 13:55:33'),
	(2242, 1, '20', '2018-11-30 13:55:33'),
	(2243, 1, '30', '2018-11-30 13:55:33'),
	(2244, 1, '33', '2018-11-30 13:55:33'),
	(2245, 1, '27', '2018-11-30 13:55:33'),
	(2246, 1, '21', '2018-11-30 13:55:33'),
	(2247, 1, '20', '2018-11-30 13:55:33'),
	(2248, 1, '34', '2018-11-30 13:55:33'),
	(2249, 1, '28', '2018-11-30 13:55:33'),
	(2250, 1, '34', '2018-11-30 13:55:33'),
	(2251, 1, '34', '2018-11-30 13:55:33'),
	(2252, 1, '38', '2018-11-30 13:55:33'),
	(2253, 1, '21', '2018-11-30 13:55:33'),
	(2254, 1, '34', '2018-11-30 13:55:33'),
	(2255, 1, '38', '2018-11-30 13:55:33'),
	(2256, 1, '27', '2018-11-30 13:55:33'),
	(2257, 1, '20', '2018-11-30 13:55:33'),
	(2258, 1, '20', '2018-11-30 13:55:33'),
	(2259, 1, '34', '2018-11-30 13:55:33'),
	(2260, 1, '27', '2018-11-30 13:55:33'),
	(2261, 1, '35', '2018-11-30 13:55:33'),
	(2262, 1, '22', '2018-11-30 13:55:33'),
	(2263, 1, '32', '2018-11-30 13:55:33'),
	(2264, 1, '32', '2018-11-30 13:55:33'),
	(2265, 1, '37', '2018-11-30 13:55:33'),
	(2266, 1, '23', '2018-11-30 13:55:33'),
	(2267, 1, '35', '2018-11-30 13:55:33'),
	(2268, 1, '37', '2018-11-30 13:55:33'),
	(2269, 1, '37', '2018-11-30 13:55:33'),
	(2270, 1, '22', '2018-11-30 13:55:33'),
	(2271, 1, '23', '2018-11-30 13:55:33'),
	(2272, 1, '30', '2018-11-30 13:55:33'),
	(2273, 1, '23', '2018-11-30 13:55:33'),
	(2274, 1, '27', '2018-11-30 13:55:33'),
	(2275, 1, '34', '2018-11-30 13:55:33'),
	(2276, 1, '26', '2018-11-30 13:55:33'),
	(2277, 1, '30', '2018-11-30 13:55:33'),
	(2278, 1, '21', '2018-11-30 13:55:33'),
	(2279, 1, '37', '2018-11-30 13:55:33'),
	(2280, 1, '22', '2018-11-30 13:55:33'),
	(2281, 1, '25', '2018-11-30 13:55:33'),
	(2282, 1, '21', '2018-11-30 13:55:33'),
	(2283, 1, '30', '2018-11-30 13:55:33'),
	(2284, 1, '38', '2018-11-30 13:55:33'),
	(2285, 1, '36', '2018-11-30 13:55:33'),
	(2286, 1, '32', '2018-11-30 13:55:33'),
	(2287, 1, '21', '2018-11-30 13:55:33'),
	(2288, 1, '36', '2018-11-30 13:55:33'),
	(2289, 1, '24', '2018-11-30 13:55:33'),
	(2290, 1, '28', '2018-11-30 13:55:33'),
	(2291, 1, '23', '2018-11-30 13:55:33'),
	(2292, 1, '32', '2018-11-30 13:55:33'),
	(2293, 1, '31', '2018-11-30 13:55:33'),
	(2294, 1, '28', '2018-11-30 13:55:33'),
	(2295, 1, '36', '2018-11-30 13:55:33'),
	(2296, 1, '22', '2018-11-30 13:55:33'),
	(2297, 1, '32', '2018-11-30 13:55:33'),
	(2298, 1, '25', '2018-11-30 13:55:33'),
	(2299, 1, '30', '2018-11-30 13:55:33'),
	(2300, 1, '36', '2018-11-30 13:55:33'),
	(2301, 1, '28', '2018-11-30 13:55:33'),
	(2302, 1, '32', '2018-11-30 13:55:33'),
	(2303, 1, '25', '2018-11-30 13:55:33'),
	(2304, 1, '23', '2018-11-30 13:55:33'),
	(2305, 1, '38', '2018-11-30 13:55:33'),
	(2306, 1, '24', '2018-11-30 13:55:33'),
	(2307, 1, '38', '2018-11-30 13:55:33'),
	(2308, 1, '21', '2018-11-30 13:55:33'),
	(2309, 1, '20', '2018-11-30 13:55:33'),
	(2310, 1, '27', '2018-11-30 13:55:33'),
	(2311, 1, '28', '2018-11-30 13:55:33'),
	(2312, 1, '32', '2018-11-30 13:55:33'),
	(2313, 1, '38', '2018-11-30 13:55:33'),
	(2314, 1, '26', '2018-11-30 13:55:33'),
	(2315, 1, '35', '2018-11-30 13:55:33'),
	(2316, 1, '37', '2018-11-30 13:55:33'),
	(2317, 1, '32', '2018-11-30 13:55:33'),
	(2318, 1, '31', '2018-11-30 13:55:33'),
	(2319, 1, '38', '2018-11-30 13:55:33'),
	(2320, 1, '21', '2018-11-30 13:55:33'),
	(2321, 1, '38', '2018-11-30 13:55:33'),
	(2322, 1, '32', '2018-11-30 13:55:33'),
	(2323, 1, '36', '2018-11-30 13:55:33'),
	(2324, 1, '23', '2018-11-30 13:55:33'),
	(2325, 1, '31', '2018-11-30 13:55:33'),
	(2326, 1, '22', '2018-11-30 13:55:33'),
	(2327, 1, '32', '2018-11-30 13:55:33'),
	(2328, 1, '27', '2018-11-30 13:55:33'),
	(2329, 1, '33', '2018-11-30 13:55:33'),
	(2330, 1, '28', '2018-11-30 13:55:33'),
	(2331, 1, '25', '2018-11-30 13:55:33'),
	(2332, 1, '21', '2018-11-30 13:55:33'),
	(2333, 1, '37', '2018-11-30 13:55:33'),
	(2334, 1, '34', '2018-11-30 13:55:33'),
	(2335, 1, '27', '2018-11-30 13:55:33'),
	(2336, 1, '38', '2018-11-30 13:55:33'),
	(2337, 1, '33', '2018-11-30 13:55:33'),
	(2338, 1, '31', '2018-11-30 13:55:33'),
	(2339, 1, '36', '2018-11-30 13:55:33'),
	(2340, 1, '21', '2018-11-30 13:55:33'),
	(2341, 1, '29', '2018-11-30 13:55:33'),
	(2342, 1, '34', '2018-11-30 13:55:33'),
	(2343, 1, '23', '2018-11-30 13:55:33'),
	(2344, 1, '37', '2018-11-30 13:55:33'),
	(2345, 1, '32', '2018-11-30 13:55:33'),
	(2346, 1, '20', '2018-11-30 13:55:33'),
	(2347, 1, '23', '2018-11-30 13:55:33'),
	(2348, 1, '30', '2018-11-30 13:55:33'),
	(2349, 1, '36', '2018-11-30 13:55:34'),
	(2350, 1, '23', '2018-11-30 13:55:34'),
	(2351, 1, '30', '2018-11-30 13:55:34'),
	(2352, 1, '30', '2018-11-30 13:55:34'),
	(2353, 1, '23', '2018-11-30 13:55:34'),
	(2354, 1, '28', '2018-11-30 13:55:34'),
	(2355, 1, '22', '2018-11-30 13:55:34'),
	(2356, 1, '35', '2018-11-30 13:55:34'),
	(2357, 1, '34', '2018-11-30 13:55:34'),
	(2358, 1, '29', '2018-11-30 13:55:34'),
	(2359, 1, '28', '2018-11-30 13:55:34'),
	(2360, 1, '36', '2018-11-30 13:55:34'),
	(2361, 1, '22', '2018-11-30 13:55:34'),
	(2362, 1, '30', '2018-11-30 13:55:34'),
	(2363, 1, '26', '2018-11-30 13:55:34'),
	(2364, 1, '33', '2018-11-30 13:55:34'),
	(2365, 1, '28', '2018-11-30 13:55:34'),
	(2366, 1, '26', '2018-11-30 13:55:34'),
	(2367, 1, '37', '2018-11-30 13:55:34'),
	(2368, 1, '37', '2018-11-30 13:55:34'),
	(2369, 1, '38', '2018-11-30 13:55:34'),
	(2370, 1, '28', '2018-11-30 13:55:34'),
	(2371, 1, '32', '2018-11-30 13:55:34'),
	(2372, 1, '29', '2018-11-30 13:55:34'),
	(2373, 1, '24', '2018-11-30 13:55:34'),
	(2374, 1, '36', '2018-11-30 13:55:34'),
	(2375, 1, '23', '2018-11-30 13:55:34'),
	(2376, 1, '23', '2018-11-30 13:55:34'),
	(2377, 1, '29', '2018-11-30 13:55:34'),
	(2378, 1, '23', '2018-11-30 13:55:34'),
	(2379, 1, '24', '2018-11-30 13:55:34'),
	(2380, 1, '21', '2018-11-30 13:55:34'),
	(2381, 1, '33', '2018-11-30 13:55:34'),
	(2382, 1, '32', '2018-11-30 13:55:34'),
	(2383, 1, '35', '2018-11-30 13:55:34'),
	(2384, 1, '34', '2018-11-30 13:55:34'),
	(2385, 1, '20', '2018-11-30 13:55:34'),
	(2386, 1, '32', '2018-11-30 13:55:34'),
	(2387, 1, '25', '2018-11-30 13:55:34'),
	(2388, 1, '25', '2018-11-30 13:55:34'),
	(2389, 1, '27', '2018-11-30 13:55:34'),
	(2390, 1, '37', '2018-11-30 13:55:34'),
	(2391, 1, '22', '2018-11-30 13:55:34'),
	(2392, 1, '32', '2018-11-30 13:55:34'),
	(2393, 1, '25', '2018-11-30 13:55:34'),
	(2394, 1, '32', '2018-11-30 13:55:34'),
	(2395, 1, '28', '2018-11-30 13:55:34'),
	(2396, 1, '32', '2018-11-30 13:55:34'),
	(2397, 1, '20', '2018-11-30 13:55:34'),
	(2398, 1, '20', '2018-11-30 13:55:34'),
	(2399, 1, '21', '2018-11-30 13:55:34'),
	(2400, 1, '34', '2018-11-30 13:55:34'),
	(2401, 1, '27', '2018-11-30 13:55:34'),
	(2402, 1, '22', '2018-11-30 13:55:34'),
	(2403, 1, '29', '2018-11-30 13:55:34'),
	(2404, 1, '28', '2018-11-30 13:55:34'),
	(2405, 1, '31', '2018-11-30 13:55:34'),
	(2406, 1, '23', '2018-11-30 13:55:34'),
	(2407, 1, '23', '2018-11-30 13:55:34'),
	(2408, 1, '26', '2018-11-30 13:55:34'),
	(2409, 1, '20', '2018-11-30 13:55:34'),
	(2410, 1, '26', '2018-11-30 13:55:34'),
	(2411, 1, '36', '2018-11-30 13:55:34'),
	(2412, 1, '35', '2018-11-30 13:55:34'),
	(2413, 1, '34', '2018-11-30 13:55:34'),
	(2414, 1, '26', '2018-11-30 13:55:34'),
	(2415, 1, '33', '2018-11-30 13:55:34'),
	(2416, 1, '20', '2018-11-30 13:55:34'),
	(2417, 1, '37', '2018-11-30 13:55:34'),
	(2418, 1, '37', '2018-11-30 13:55:34'),
	(2419, 1, '22', '2018-11-30 13:55:34'),
	(2420, 1, '23', '2018-11-30 13:55:34'),
	(2421, 1, '30', '2018-11-30 13:55:34'),
	(2422, 1, '27', '2018-11-30 13:55:34'),
	(2423, 1, '32', '2018-11-30 13:55:34'),
	(2424, 1, '27', '2018-11-30 13:55:34'),
	(2425, 1, '28', '2018-11-30 13:55:34'),
	(2426, 1, '37', '2018-11-30 13:55:34'),
	(2427, 1, '30', '2018-11-30 13:55:34'),
	(2428, 1, '38', '2018-11-30 13:55:34'),
	(2429, 1, '37', '2018-11-30 13:55:34'),
	(2430, 1, '24', '2018-11-30 13:55:34'),
	(2431, 1, '31', '2018-11-30 13:55:34'),
	(2432, 1, '20', '2018-11-30 13:55:34'),
	(2433, 1, '23', '2018-11-30 13:55:34'),
	(2434, 1, '26', '2018-11-30 13:55:34'),
	(2435, 1, '27', '2018-11-30 13:55:34'),
	(2436, 1, '22', '2018-11-30 13:55:34'),
	(2437, 1, '27', '2018-11-30 13:55:34'),
	(2438, 1, '24', '2018-11-30 13:55:34'),
	(2439, 1, '34', '2018-11-30 13:55:34'),
	(2440, 1, '29', '2018-11-30 13:55:34'),
	(2441, 1, '27', '2018-11-30 13:55:34'),
	(2442, 1, '30', '2018-11-30 13:55:34'),
	(2443, 1, '33', '2018-11-30 13:55:34'),
	(2444, 1, '36', '2018-11-30 13:55:34'),
	(2445, 1, '34', '2018-11-30 13:55:34'),
	(2446, 1, '25', '2018-11-30 13:55:34'),
	(2447, 1, '26', '2018-11-30 13:55:34'),
	(2448, 1, '38', '2018-11-30 13:55:34'),
	(2449, 1, '20', '2018-11-30 13:55:34'),
	(2450, 1, '33', '2018-11-30 13:55:34'),
	(2451, 1, '32', '2018-11-30 13:55:34'),
	(2452, 1, '23', '2018-11-30 13:55:34'),
	(2453, 1, '23', '2018-11-30 13:55:34'),
	(2454, 1, '29', '2018-11-30 13:55:34'),
	(2455, 1, '28', '2018-11-30 13:55:34'),
	(2456, 1, '28', '2018-11-30 13:55:34'),
	(2457, 1, '38', '2018-11-30 13:55:34'),
	(2458, 1, '24', '2018-11-30 13:55:34'),
	(2459, 1, '25', '2018-11-30 13:55:34'),
	(2460, 1, '20', '2018-11-30 13:55:34'),
	(2461, 1, '31', '2018-11-30 13:55:34'),
	(2462, 1, '28', '2018-11-30 13:55:34'),
	(2463, 1, '25', '2018-11-30 13:55:34'),
	(2464, 1, '33', '2018-11-30 13:55:34'),
	(2465, 1, '30', '2018-11-30 13:55:34'),
	(2466, 1, '20', '2018-11-30 13:55:34'),
	(2467, 1, '35', '2018-11-30 13:55:34'),
	(2468, 1, '25', '2018-11-30 13:55:34'),
	(2469, 1, '24', '2018-11-30 13:55:34'),
	(2470, 1, '22', '2018-11-30 13:55:34'),
	(2471, 1, '20', '2018-11-30 13:55:34'),
	(2472, 1, '29', '2018-11-30 13:55:34'),
	(2473, 1, '28', '2018-11-30 13:55:34'),
	(2474, 1, '24', '2018-11-30 13:55:34'),
	(2475, 1, '35', '2018-11-30 13:55:34'),
	(2476, 1, '36', '2018-11-30 13:55:34'),
	(2477, 1, '21', '2018-11-30 13:55:34'),
	(2478, 1, '32', '2018-11-30 13:55:34'),
	(2479, 1, '20', '2018-11-30 13:55:34'),
	(2480, 1, '24', '2018-11-30 13:55:34'),
	(2481, 1, '26', '2018-11-30 13:55:34'),
	(2482, 1, '32', '2018-11-30 13:55:34'),
	(2483, 1, '38', '2018-11-30 13:55:34'),
	(2484, 1, '36', '2018-11-30 13:55:34'),
	(2485, 1, '35', '2018-11-30 13:55:34'),
	(2486, 1, '21', '2018-11-30 13:55:34'),
	(2487, 1, '28', '2018-11-30 13:55:34'),
	(2488, 1, '30', '2018-11-30 13:55:34'),
	(2489, 1, '33', '2018-11-30 13:55:34'),
	(2490, 1, '22', '2018-11-30 13:55:34'),
	(2491, 1, '29', '2018-11-30 13:55:34'),
	(2492, 1, '33', '2018-11-30 13:55:34'),
	(2493, 1, '30', '2018-11-30 13:55:34'),
	(2494, 1, '24', '2018-11-30 13:55:34'),
	(2495, 1, '35', '2018-11-30 13:55:34'),
	(2496, 1, '22', '2018-11-30 13:55:34'),
	(2497, 1, '28', '2018-11-30 13:55:34'),
	(2498, 1, '25', '2018-11-30 13:55:34'),
	(2499, 1, '36', '2018-11-30 13:55:34'),
	(2500, 1, '31', '2018-11-30 13:55:34'),
	(2501, 1, '37', '2018-11-30 13:55:34'),
	(2502, 1, '33', '2018-11-30 13:55:34'),
	(2503, 1, '30', '2018-11-30 13:55:34'),
	(2504, 1, '37', '2018-11-30 13:55:34'),
	(2505, 1, '33', '2018-11-30 13:55:34'),
	(2506, 1, '31', '2018-11-30 13:55:34'),
	(2507, 1, '31', '2018-11-30 13:55:34'),
	(2508, 1, '28', '2018-11-30 13:55:34'),
	(2509, 1, '25', '2018-11-30 13:55:34'),
	(2510, 1, '22', '2018-11-30 13:55:34'),
	(2511, 1, '28', '2018-11-30 13:55:34'),
	(2512, 1, '27', '2018-11-30 13:55:34'),
	(2513, 1, '25', '2018-11-30 13:55:34'),
	(2514, 1, '20', '2018-11-30 13:55:34'),
	(2515, 1, '36', '2018-11-30 13:55:34'),
	(2516, 1, '37', '2018-11-30 13:55:34'),
	(2517, 1, '35', '2018-11-30 13:55:34'),
	(2518, 1, '29', '2018-11-30 13:55:34'),
	(2519, 1, '27', '2018-11-30 13:55:34'),
	(2520, 1, '23', '2018-11-30 13:55:34'),
	(2521, 1, '26', '2018-11-30 13:55:34'),
	(2522, 1, '22', '2018-11-30 13:55:34'),
	(2523, 1, '29', '2018-11-30 13:55:34'),
	(2524, 1, '35', '2018-11-30 13:55:34'),
	(2525, 1, '20', '2018-11-30 13:55:34'),
	(2526, 1, '31', '2018-11-30 13:55:34'),
	(2527, 1, '37', '2018-11-30 13:55:34'),
	(2528, 1, '26', '2018-11-30 13:55:34'),
	(2529, 1, '24', '2018-11-30 13:55:34'),
	(2530, 1, '31', '2018-11-30 13:55:34'),
	(2531, 1, '23', '2018-11-30 13:55:34'),
	(2532, 1, '20', '2018-11-30 13:55:34'),
	(2533, 1, '28', '2018-11-30 13:55:34'),
	(2534, 1, '29', '2018-11-30 13:55:34'),
	(2535, 1, '32', '2018-11-30 13:55:34'),
	(2536, 1, '27', '2018-11-30 13:55:34'),
	(2537, 1, '35', '2018-11-30 13:55:34'),
	(2538, 1, '26', '2018-11-30 13:55:34'),
	(2539, 1, '23', '2018-11-30 13:55:34'),
	(2540, 1, '35', '2018-11-30 13:55:34'),
	(2541, 1, '25', '2018-11-30 13:55:34'),
	(2542, 1, '36', '2018-11-30 13:55:34'),
	(2543, 1, '26', '2018-11-30 13:55:34'),
	(2544, 1, '25', '2018-11-30 13:55:34'),
	(2545, 1, '26', '2018-11-30 13:55:34'),
	(2546, 1, '32', '2018-11-30 13:55:34'),
	(2547, 1, '21', '2018-11-30 13:55:34'),
	(2548, 1, '29', '2018-11-30 13:55:34'),
	(2549, 1, '33', '2018-11-30 13:55:34'),
	(2550, 1, '32', '2018-11-30 13:55:34'),
	(2551, 1, '32', '2018-11-30 13:55:34'),
	(2552, 1, '38', '2018-11-30 13:55:34'),
	(2553, 1, '22', '2018-11-30 13:55:34'),
	(2554, 1, '30', '2018-11-30 13:55:34'),
	(2555, 1, '25', '2018-11-30 13:55:34'),
	(2556, 1, '33', '2018-11-30 13:55:34'),
	(2557, 1, '32', '2018-11-30 13:55:34'),
	(2558, 1, '28', '2018-11-30 13:55:34'),
	(2559, 1, '30', '2018-11-30 13:55:34'),
	(2560, 1, '24', '2018-11-30 13:55:34'),
	(2561, 1, '26', '2018-11-30 13:55:34'),
	(2562, 1, '35', '2018-11-30 13:55:34'),
	(2563, 1, '38', '2018-11-30 13:55:34');
/*!40000 ALTER TABLE `temperature` ENABLE KEYS */;

-- Dumping structure for table airduino_db.user
CREATE TABLE IF NOT EXISTS `user` (
  `id` int(11) NOT NULL AUTO_INCREMENT,
  `first_name` varchar(50) DEFAULT NULL,
  `last_name` varchar(50) DEFAULT NULL,
  `username` varchar(50) DEFAULT NULL,
  `password` varchar(50) DEFAULT NULL,
  `timestamp_created` timestamp NULL DEFAULT CURRENT_TIMESTAMP,
  PRIMARY KEY (`id`),
  UNIQUE KEY `username` (`username`)
) ENGINE=InnoDB AUTO_INCREMENT=5 DEFAULT CHARSET=latin1;

-- Dumping data for table airduino_db.user: ~2 rows (approximately)
/*!40000 ALTER TABLE `user` DISABLE KEYS */;
/*!40000 ALTER TABLE `user` ENABLE KEYS */;

/*!40101 SET SQL_MODE=IFNULL(@OLD_SQL_MODE, '') */;
/*!40014 SET FOREIGN_KEY_CHECKS=IF(@OLD_FOREIGN_KEY_CHECKS IS NULL, 1, @OLD_FOREIGN_KEY_CHECKS) */;
/*!40101 SET CHARACTER_SET_CLIENT=@OLD_CHARACTER_SET_CLIENT */;
