-- --------------------------------------------------------
-- Host:                         127.0.0.1
-- Server version:               10.1.35-MariaDB - mariadb.org binary distribution
-- Server OS:                    Win32
-- HeidiSQL Version:             9.5.0.5196
-- --------------------------------------------------------

/*!40101 SET @OLD_CHARACTER_SET_CLIENT=@@CHARACTER_SET_CLIENT */;
/*!40101 SET NAMES utf8 */;
/*!50503 SET NAMES utf8mb4 */;
/*!40014 SET @OLD_FOREIGN_KEY_CHECKS=@@FOREIGN_KEY_CHECKS, FOREIGN_KEY_CHECKS=0 */;
/*!40101 SET @OLD_SQL_MODE=@@SQL_MODE, SQL_MODE='NO_AUTO_VALUE_ON_ZERO' */;


-- Dumping database structure for airduino_db
USE `id8022293_airduino_db`;

-- Dumping structure for table airduino_db.administrator
CREATE TABLE IF NOT EXISTS `administrator` (
  `id` int(11) NOT NULL AUTO_INCREMENT,
  `name` varchar(50) DEFAULT NULL,
  `username` varchar(50) DEFAULT NULL,
  `password` varchar(50) DEFAULT NULL,
  `timestamp_created` timestamp NULL DEFAULT CURRENT_TIMESTAMP,
  `timestamp_modified` timestamp NULL DEFAULT CURRENT_TIMESTAMP ON UPDATE CURRENT_TIMESTAMP,
  PRIMARY KEY (`id`),
  UNIQUE KEY `username` (`username`)
) ENGINE=InnoDB DEFAULT CHARSET=latin1;

-- Dumping data for table airduino_db.administrator: ~0 rows (approximately)
/*!40000 ALTER TABLE `administrator` DISABLE KEYS */;
/*!40000 ALTER TABLE `administrator` ENABLE KEYS */;

-- Dumping structure for table airduino_db.air_quality
CREATE TABLE IF NOT EXISTS `air_quality` (
  `id` int(11) NOT NULL AUTO_INCREMENT,
  `device_id` int(11) DEFAULT NULL,
  `value` varchar(50) DEFAULT NULL,
  `description` varchar(50) DEFAULT NULL,
  `timestamp` timestamp NULL DEFAULT CURRENT_TIMESTAMP,
  PRIMARY KEY (`id`)
) ENGINE=InnoDB AUTO_INCREMENT=2 DEFAULT CHARSET=latin1;

-- Dumping data for table airduino_db.air_quality: ~0 rows (approximately)
/*!40000 ALTER TABLE `air_quality` DISABLE KEYS */;
INSERT INTO `air_quality` (`id`, `device_id`, `value`, `description`, `timestamp`) VALUES
	(1, 1, '500', 'Good', '2018-11-30 22:49:35');
/*!40000 ALTER TABLE `air_quality` ENABLE KEYS */;

-- Dumping structure for table airduino_db.device
CREATE TABLE IF NOT EXISTS `device` (
  `id` int(11) NOT NULL AUTO_INCREMENT,
  `device_id` varchar(50) DEFAULT NULL,
  `location` varchar(50) DEFAULT NULL,
  `city` varchar(50) DEFAULT NULL,
  `mobile_number` varchar(50) DEFAULT NULL,
  `timestamp_created` timestamp NULL DEFAULT CURRENT_TIMESTAMP,
  `timestamp_modified` timestamp NULL DEFAULT CURRENT_TIMESTAMP ON UPDATE CURRENT_TIMESTAMP,
  PRIMARY KEY (`id`)
) ENGINE=InnoDB AUTO_INCREMENT=3 DEFAULT CHARSET=latin1;

-- Dumping data for table airduino_db.device: ~0 rows (approximately)
/*!40000 ALTER TABLE `device` DISABLE KEYS */;
INSERT INTO `device` (`id`, `device_id`, `location`, `city`, `mobile_number`, `timestamp_created`, `timestamp_modified`) VALUES
	(1, '1', 'DBB-C', 'Dasmarinas City', '0915159149', '2018-11-28 14:14:59', '2018-11-28 14:14:59'),
	(2, '2ab', 'Brgy. Manggahan', 'General Trias, Cavite', NULL, '2018-11-29 20:23:04', '2018-11-29 20:23:04');
/*!40000 ALTER TABLE `device` ENABLE KEYS */;

-- Dumping structure for table airduino_db.humidity
CREATE TABLE IF NOT EXISTS `humidity` (
  `id` int(11) NOT NULL AUTO_INCREMENT,
  `device_id` int(11) DEFAULT NULL,
  `value` varchar(50) DEFAULT NULL,
  `timestamp` timestamp NULL DEFAULT CURRENT_TIMESTAMP,
  PRIMARY KEY (`id`)
) ENGINE=InnoDB AUTO_INCREMENT=4 DEFAULT CHARSET=latin1;

-- Dumping data for table airduino_db.humidity: ~0 rows (approximately)
/*!40000 ALTER TABLE `humidity` DISABLE KEYS */;
INSERT INTO `humidity` (`id`, `device_id`, `value`, `timestamp`) VALUES
	(1, 1, '80', '2018-11-30 15:36:43'),
	(2, 2, '90', '2018-11-30 15:36:55'),
	(3, 1, '89', '2018-11-30 15:37:03');
/*!40000 ALTER TABLE `humidity` ENABLE KEYS */;

-- Dumping structure for table airduino_db.newsfeed
CREATE TABLE IF NOT EXISTS `newsfeed` (
  `id` int(11) NOT NULL AUTO_INCREMENT,
  `title` varchar(50) DEFAULT NULL,
  `content` varchar(50) DEFAULT NULL,
  `timestamp_created` timestamp NULL DEFAULT CURRENT_TIMESTAMP,
  PRIMARY KEY (`id`)
) ENGINE=InnoDB AUTO_INCREMENT=3 DEFAULT CHARSET=latin1;

-- Dumping data for table airduino_db.newsfeed: ~2 rows (approximately)
/*!40000 ALTER TABLE `newsfeed` DISABLE KEYS */;
INSERT INTO `newsfeed` (`id`, `title`, `content`, `timestamp_created`) VALUES
	(1, 'Sample Title', 'This is a sample content. The quick brown fox jump', '2018-11-29 21:19:45'),
	(2, 'Another Example Alert', 'What a wonderful world to live in.', '2018-11-29 21:30:29');
/*!40000 ALTER TABLE `newsfeed` ENABLE KEYS */;

-- Dumping structure for table airduino_db.temperature
CREATE TABLE IF NOT EXISTS `temperature` (
  `id` int(11) NOT NULL AUTO_INCREMENT,
  `device_id` int(11) DEFAULT NULL,
  `value` varchar(50) DEFAULT NULL,
  `timestamp` timestamp NULL DEFAULT CURRENT_TIMESTAMP,
  PRIMARY KEY (`id`)
) ENGINE=InnoDB AUTO_INCREMENT=2566 DEFAULT CHARSET=latin1;

-- Dumping data for table airduino_db.temperature: ~2,564 rows (approximately)
/*!40000 ALTER TABLE `temperature` DISABLE KEYS */;
INSERT INTO `temperature` (`id`, `device_id`, `value`, `timestamp`) VALUES
	(1, 1, '39', NULL),
	(2, 2, '40', NULL),
	(3, 1, '40', NULL),
	(4, 1, '34', NULL),
	(5, 1, '37', '2018-11-30 13:55:25'),
	(6, 1, '38', '2018-11-30 13:55:25'),
	(7, 1, '28', '2018-11-30 13:55:25'),
	(8, 1, '23', '2018-11-30 13:55:25'),
	(9, 1, '21', '2018-11-30 13:55:25'),
	(10, 1, '20', '2018-11-30 13:55:25'),
	(11, 1, '38', '2018-11-30 13:55:25'),
	(12, 1, '23', '2018-11-30 13:55:25'),
	(13, 1, '35', '2018-11-30 13:55:25'),
	(14, 1, '37', '2018-11-30 13:55:25'),
	(15, 1, '21', '2018-11-30 13:55:25'),
	(16, 1, '20', '2018-11-30 13:55:25'),
	(17, 1, '22', '2018-11-30 13:55:25'),
	(18, 1, '22', '2018-11-30 13:55:25'),
	(19, 1, '24', '2018-11-30 13:55:25'),
	(20, 1, '29', '2018-11-30 13:55:25'),
	(21, 1, '26', '2018-11-30 13:55:25'),
	(22, 1, '35', '2018-11-30 13:55:25'),
	(23, 1, '31', '2018-11-30 13:55:25'),
	(24, 1, '36', '2018-11-30 13:55:25'),
	(25, 1, '33', '2018-11-30 13:55:25'),
	(26, 1, '31', '2018-11-30 13:55:25'),
	(27, 1, '26', '2018-11-30 13:55:25'),
	(28, 1, '34', '2018-11-30 13:55:25'),
	(29, 1, '21', '2018-11-30 13:55:25'),
	(30, 1, '31', '2018-11-30 13:55:25'),
	(31, 1, '22', '2018-11-30 13:55:25'),
	(32, 1, '29', '2018-11-30 13:55:25'),
	(33, 1, '26', '2018-11-30 13:55:25'),
	(34, 1, '36', '2018-11-30 13:55:25'),
	(35, 1, '35', '2018-11-30 13:55:25'),
	(36, 1, '37', '2018-11-30 13:55:25'),
	(37, 1, '33', '2018-11-30 13:55:25'),
	(38, 1, '21', '2018-11-30 13:55:25'),
	(39, 1, '28', '2018-11-30 13:55:25'),
	(40, 1, '36', '2018-11-30 13:55:25'),
	(41, 1, '34', '2018-11-30 13:55:25'),
	(42, 1, '28', '2018-11-30 13:55:25'),
	(43, 1, '36', '2018-11-30 13:55:25'),
	(44, 1, '34', '2018-11-30 13:55:25'),
	(45, 1, '21', '2018-11-30 13:55:25'),
	(46, 1, '35', '2018-11-30 13:55:25'),
	(47, 1, '31', '2018-11-30 13:55:25'),
	(48, 1, '29', '2018-11-30 13:55:25'),
	(49, 1, '21', '2018-11-30 13:55:25'),
	(50, 1, '33', '2018-11-30 13:55:25'),
	(51, 1, '31', '2018-11-30 13:55:25'),
	(52, 1, '22', '2018-11-30 13:55:25'),
	(53, 1, '30', '2018-11-30 13:55:25'),
	(54, 1, '28', '2018-11-30 13:55:25'),
	(55, 1, '26', '2018-11-30 13:55:25'),
	(56, 1, '21', '2018-11-30 13:55:25'),
	(57, 1, '29', '2018-11-30 13:55:25'),
	(58, 1, '33', '2018-11-30 13:55:25'),
	(59, 1, '32', '2018-11-30 13:55:25'),
	(60, 1, '28', '2018-11-30 13:55:25'),
	(61, 1, '33', '2018-11-30 13:55:25'),
	(62, 1, '34', '2018-11-30 13:55:25'),
	(63, 1, '28', '2018-11-30 13:55:25'),
	(64, 1, '25', '2018-11-30 13:55:25'),
	(65, 1, '25', '2018-11-30 13:55:25'),
	(66, 1, '32', '2018-11-30 13:55:25'),
	(67, 1, '22', '2018-11-30 13:55:25'),
	(68, 1, '31', '2018-11-30 13:55:25'),
	(69, 1, '29', '2018-11-30 13:55:25'),
	(70, 1, '30', '2018-11-30 13:55:25'),
	(71, 1, '27', '2018-11-30 13:55:25'),
	(72, 1, '24', '2018-11-30 13:55:25'),
	(73, 1, '27', '2018-11-30 13:55:25'),
	(74, 1, '29', '2018-11-30 13:55:25'),
	(75, 1, '20', '2018-11-30 13:55:25'),
	(76, 1, '24', '2018-11-30 13:55:25'),
	(77, 1, '23', '2018-11-30 13:55:25'),
	(78, 1, '26', '2018-11-30 13:55:25'),
	(79, 1, '27', '2018-11-30 13:55:25'),
	(80, 1, '36', '2018-11-30 13:55:25'),
	(81, 1, '37', '2018-11-30 13:55:25'),
	(82, 1, '30', '2018-11-30 13:55:25'),
	(83, 1, '24', '2018-11-30 13:55:25'),
	(84, 1, '33', '2018-11-30 13:55:25'),
	(85, 1, '38', '2018-11-30 13:55:25'),
	(86, 1, '28', '2018-11-30 13:55:25'),
	(87, 1, '28', '2018-11-30 13:55:25'),
	(88, 1, '24', '2018-11-30 13:55:25'),
	(89, 1, '20', '2018-11-30 13:55:25'),
	(90, 1, '28', '2018-11-30 13:55:25'),
	(91, 1, '37', '2018-11-30 13:55:25'),
	(92, 1, '31', '2018-11-30 13:55:25'),
	(93, 1, '32', '2018-11-30 13:55:25'),
	(94, 1, '22', '2018-11-30 13:55:25'),
	(95, 1, '35', '2018-11-30 13:55:25'),
	(96, 1, '35', '2018-11-30 13:55:25'),
	(97, 1, '27', '2018-11-30 13:55:25'),
	(98, 1, '38', '2018-11-30 13:55:26'),
	(99, 1, '35', '2018-11-30 13:55:26'),
	(100, 1, '35', '2018-11-30 13:55:26'),
	(101, 1, '21', '2018-11-30 13:55:26'),
	(102, 1, '37', '2018-11-30 13:55:26'),
	(103, 1, '38', '2018-11-30 13:55:26'),
	(104, 1, '26', '2018-11-30 13:55:26'),
	(105, 1, '28', '2018-11-30 13:55:26'),
	(106, 1, '38', '2018-11-30 13:55:26'),
	(107, 1, '34', '2018-11-30 13:55:26'),
	(108, 1, '36', '2018-11-30 13:55:26'),
	(109, 1, '32', '2018-11-30 13:55:26'),
	(110, 1, '31', '2018-11-30 13:55:26'),
	(111, 1, '25', '2018-11-30 13:55:26'),
	(112, 1, '27', '2018-11-30 13:55:26'),
	(113, 1, '34', '2018-11-30 13:55:26'),
	(114, 1, '33', '2018-11-30 13:55:26'),
	(115, 1, '36', '2018-11-30 13:55:26'),
	(116, 1, '30', '2018-11-30 13:55:26'),
	(117, 1, '32', '2018-11-30 13:55:26'),
	(118, 1, '31', '2018-11-30 13:55:26'),
	(119, 1, '30', '2018-11-30 13:55:26'),
	(120, 1, '27', '2018-11-30 13:55:26'),
	(121, 1, '35', '2018-11-30 13:55:26'),
	(122, 1, '27', '2018-11-30 13:55:26'),
	(123, 1, '38', '2018-11-30 13:55:26'),
	(124, 1, '27', '2018-11-30 13:55:26'),
	(125, 1, '23', '2018-11-30 13:55:26'),
	(126, 1, '25', '2018-11-30 13:55:26'),
	(127, 1, '31', '2018-11-30 13:55:26'),
	(128, 1, '34', '2018-11-30 13:55:26'),
	(129, 1, '21', '2018-11-30 13:55:26'),
	(130, 1, '25', '2018-11-30 13:55:26'),
	(131, 1, '24', '2018-11-30 13:55:26'),
	(132, 1, '23', '2018-11-30 13:55:26'),
	(133, 1, '33', '2018-11-30 13:55:26'),
	(134, 1, '29', '2018-11-30 13:55:26'),
	(135, 1, '30', '2018-11-30 13:55:26'),
	(136, 1, '22', '2018-11-30 13:55:26'),
	(137, 1, '26', '2018-11-30 13:55:26'),
	(138, 1, '33', '2018-11-30 13:55:26'),
	(139, 1, '33', '2018-11-30 13:55:26'),
	(140, 1, '25', '2018-11-30 13:55:26'),
	(141, 1, '25', '2018-11-30 13:55:26'),
	(142, 1, '35', '2018-11-30 13:55:26'),
	(143, 1, '24', '2018-11-30 13:55:26'),
	(144, 1, '37', '2018-11-30 13:55:26'),
	(145, 1, '31', '2018-11-30 13:55:26'),
	(146, 1, '31', '2018-11-30 13:55:26'),
	(147, 1, '28', '2018-11-30 13:55:26'),
	(148, 1, '20', '2018-11-30 13:55:26'),
	(149, 1, '27', '2018-11-30 13:55:26'),
	(150, 1, '29', '2018-11-30 13:55:26'),
	(151, 1, '36', '2018-11-30 13:55:26'),
	(152, 1, '34', '2018-11-30 13:55:26'),
	(153, 1, '34', '2018-11-30 13:55:26'),
	(154, 1, '37', '2018-11-30 13:55:26'),
	(155, 1, '38', '2018-11-30 13:55:26'),
	(156, 1, '26', '2018-11-30 13:55:26'),
	(157, 1, '36', '2018-11-30 13:55:26'),
	(158, 1, '24', '2018-11-30 13:55:26'),
	(159, 1, '31', '2018-11-30 13:55:26'),
	(160, 1, '34', '2018-11-30 13:55:26'),
	(161, 1, '27', '2018-11-30 13:55:26'),
	(162, 1, '24', '2018-11-30 13:55:26'),
	(163, 1, '21', '2018-11-30 13:55:26'),
	(164, 1, '26', '2018-11-30 13:55:26'),
	(165, 1, '37', '2018-11-30 13:55:26'),
	(166, 1, '33', '2018-11-30 13:55:26'),
	(167, 1, '31', '2018-11-30 13:55:26'),
	(168, 1, '30', '2018-11-30 13:55:26'),
	(169, 1, '25', '2018-11-30 13:55:26'),
	(170, 1, '27', '2018-11-30 13:55:26'),
	(171, 1, '23', '2018-11-30 13:55:26'),
	(172, 1, '25', '2018-11-30 13:55:26'),
	(173, 1, '26', '2018-11-30 13:55:26'),
	(174, 1, '23', '2018-11-30 13:55:26'),
	(175, 1, '35', '2018-11-30 13:55:26'),
	(176, 1, '36', '2018-11-30 13:55:26'),
	(177, 1, '38', '2018-11-30 13:55:26'),
	(178, 1, '20', '2018-11-30 13:55:26'),
	(179, 1, '32', '2018-11-30 13:55:26'),
	(180, 1, '29', '2018-11-30 13:55:26'),
	(181, 1, '37', '2018-11-30 13:55:26'),
	(182, 1, '25', '2018-11-30 13:55:26'),
	(183, 1, '26', '2018-11-30 13:55:26'),
	(184, 1, '35', '2018-11-30 13:55:26'),
	(185, 1, '28', '2018-11-30 13:55:26'),
	(186, 1, '36', '2018-11-30 13:55:26'),
	(187, 1, '24', '2018-11-30 13:55:26'),
	(188, 1, '25', '2018-11-30 13:55:26'),
	(189, 1, '31', '2018-11-30 13:55:26'),
	(190, 1, '37', '2018-11-30 13:55:26'),
	(191, 1, '31', '2018-11-30 13:55:26'),
	(192, 1, '36', '2018-11-30 13:55:26'),
	(193, 1, '27', '2018-11-30 13:55:26'),
	(194, 1, '34', '2018-11-30 13:55:26'),
	(195, 1, '32', '2018-11-30 13:55:26'),
	(196, 1, '22', '2018-11-30 13:55:26'),
	(197, 1, '28', '2018-11-30 13:55:26'),
	(198, 1, '24', '2018-11-30 13:55:26'),
	(199, 1, '25', '2018-11-30 13:55:26'),
	(200, 1, '35', '2018-11-30 13:55:26'),
	(201, 1, '27', '2018-11-30 13:55:26'),
	(202, 1, '33', '2018-11-30 13:55:26'),
	(203, 1, '24', '2018-11-30 13:55:26'),
	(204, 1, '35', '2018-11-30 13:55:26'),
	(205, 1, '33', '2018-11-30 13:55:26'),
	(206, 1, '25', '2018-11-30 13:55:26'),
	(207, 1, '37', '2018-11-30 13:55:26'),
	(208, 1, '34', '2018-11-30 13:55:26'),
	(209, 1, '35', '2018-11-30 13:55:26'),
	(210, 1, '22', '2018-11-30 13:55:26'),
	(211, 1, '32', '2018-11-30 13:55:26'),
	(212, 1, '21', '2018-11-30 13:55:26'),
	(213, 1, '25', '2018-11-30 13:55:26'),
	(214, 1, '26', '2018-11-30 13:55:26'),
	(215, 1, '28', '2018-11-30 13:55:26'),
	(216, 1, '26', '2018-11-30 13:55:26'),
	(217, 1, '21', '2018-11-30 13:55:26'),
	(218, 1, '35', '2018-11-30 13:55:26'),
	(219, 1, '28', '2018-11-30 13:55:26'),
	(220, 1, '30', '2018-11-30 13:55:26'),
	(221, 1, '35', '2018-11-30 13:55:26'),
	(222, 1, '28', '2018-11-30 13:55:26'),
	(223, 1, '27', '2018-11-30 13:55:26'),
	(224, 1, '34', '2018-11-30 13:55:26'),
	(225, 1, '20', '2018-11-30 13:55:26'),
	(226, 1, '28', '2018-11-30 13:55:26'),
	(227, 1, '36', '2018-11-30 13:55:26'),
	(228, 1, '24', '2018-11-30 13:55:26'),
	(229, 1, '38', '2018-11-30 13:55:26'),
	(230, 1, '21', '2018-11-30 13:55:26'),
	(231, 1, '32', '2018-11-30 13:55:26'),
	(232, 1, '34', '2018-11-30 13:55:26'),
	(233, 1, '24', '2018-11-30 13:55:26'),
	(234, 1, '38', '2018-11-30 13:55:26'),
	(235, 1, '25', '2018-11-30 13:55:26'),
	(236, 1, '32', '2018-11-30 13:55:26'),
	(237, 1, '20', '2018-11-30 13:55:26'),
	(238, 1, '30', '2018-11-30 13:55:26'),
	(239, 1, '34', '2018-11-30 13:55:26'),
	(240, 1, '37', '2018-11-30 13:55:26'),
	(241, 1, '24', '2018-11-30 13:55:26'),
	(242, 1, '23', '2018-11-30 13:55:26'),
	(243, 1, '28', '2018-11-30 13:55:26'),
	(244, 1, '23', '2018-11-30 13:55:26'),
	(245, 1, '34', '2018-11-30 13:55:26'),
	(246, 1, '28', '2018-11-30 13:55:26'),
	(247, 1, '38', '2018-11-30 13:55:26'),
	(248, 1, '32', '2018-11-30 13:55:26'),
	(249, 1, '27', '2018-11-30 13:55:26'),
	(250, 1, '24', '2018-11-30 13:55:26'),
	(251, 1, '38', '2018-11-30 13:55:26'),
	(252, 1, '28', '2018-11-30 13:55:26'),
	(253, 1, '25', '2018-11-30 13:55:26'),
	(254, 1, '30', '2018-11-30 13:55:26'),
	(255, 1, '21', '2018-11-30 13:55:26'),
	(256, 1, '32', '2018-11-30 13:55:26'),
	(257, 1, '38', '2018-11-30 13:55:26'),
	(258, 1, '20', '2018-11-30 13:55:26'),
	(259, 1, '27', '2018-11-30 13:55:26'),
	(260, 1, '29', '2018-11-30 13:55:26'),
	(261, 1, '33', '2018-11-30 13:55:26'),
	(262, 1, '25', '2018-11-30 13:55:26'),
	(263, 1, '20', '2018-11-30 13:55:26'),
	(264, 1, '35', '2018-11-30 13:55:26'),
	(265, 1, '35', '2018-11-30 13:55:26'),
	(266, 1, '33', '2018-11-30 13:55:26'),
	(267, 1, '37', '2018-11-30 13:55:26'),
	(268, 1, '24', '2018-11-30 13:55:26'),
	(269, 1, '27', '2018-11-30 13:55:26'),
	(270, 1, '31', '2018-11-30 13:55:26'),
	(271, 1, '28', '2018-11-30 13:55:26'),
	(272, 1, '37', '2018-11-30 13:55:26'),
	(273, 1, '22', '2018-11-30 13:55:26'),
	(274, 1, '23', '2018-11-30 13:55:26'),
	(275, 1, '34', '2018-11-30 13:55:26'),
	(276, 1, '35', '2018-11-30 13:55:26'),
	(277, 1, '32', '2018-11-30 13:55:26'),
	(278, 1, '31', '2018-11-30 13:55:26'),
	(279, 1, '34', '2018-11-30 13:55:26'),
	(280, 1, '34', '2018-11-30 13:55:26'),
	(281, 1, '31', '2018-11-30 13:55:26'),
	(282, 1, '25', '2018-11-30 13:55:26'),
	(283, 1, '27', '2018-11-30 13:55:26'),
	(284, 1, '23', '2018-11-30 13:55:26'),
	(285, 1, '35', '2018-11-30 13:55:26'),
	(286, 1, '31', '2018-11-30 13:55:26'),
	(287, 1, '34', '2018-11-30 13:55:26'),
	(288, 1, '22', '2018-11-30 13:55:26'),
	(289, 1, '33', '2018-11-30 13:55:26'),
	(290, 1, '22', '2018-11-30 13:55:26'),
	(291, 1, '36', '2018-11-30 13:55:26'),
	(292, 1, '38', '2018-11-30 13:55:26'),
	(293, 1, '32', '2018-11-30 13:55:26'),
	(294, 1, '25', '2018-11-30 13:55:26'),
	(295, 1, '38', '2018-11-30 13:55:26'),
	(296, 1, '28', '2018-11-30 13:55:26'),
	(297, 1, '28', '2018-11-30 13:55:26'),
	(298, 1, '20', '2018-11-30 13:55:26'),
	(299, 1, '37', '2018-11-30 13:55:26'),
	(300, 1, '27', '2018-11-30 13:55:26'),
	(301, 1, '37', '2018-11-30 13:55:26'),
	(302, 1, '23', '2018-11-30 13:55:26'),
	(303, 1, '38', '2018-11-30 13:55:26'),
	(304, 1, '36', '2018-11-30 13:55:26'),
	(305, 1, '20', '2018-11-30 13:55:26'),
	(306, 1, '33', '2018-11-30 13:55:26'),
	(307, 1, '20', '2018-11-30 13:55:26'),
	(308, 1, '36', '2018-11-30 13:55:26'),
	(309, 1, '25', '2018-11-30 13:55:26'),
	(310, 1, '38', '2018-11-30 13:55:26'),
	(311, 1, '35', '2018-11-30 13:55:26'),
	(312, 1, '38', '2018-11-30 13:55:26'),
	(313, 1, '25', '2018-11-30 13:55:26'),
	(314, 1, '23', '2018-11-30 13:55:26'),
	(315, 1, '20', '2018-11-30 13:55:26'),
	(316, 1, '33', '2018-11-30 13:55:26'),
	(317, 1, '23', '2018-11-30 13:55:26'),
	(318, 1, '36', '2018-11-30 13:55:26'),
	(319, 1, '23', '2018-11-30 13:55:26'),
	(320, 1, '23', '2018-11-30 13:55:26'),
	(321, 1, '28', '2018-11-30 13:55:26'),
	(322, 1, '20', '2018-11-30 13:55:26'),
	(323, 1, '25', '2018-11-30 13:55:26'),
	(324, 1, '33', '2018-11-30 13:55:26'),
	(325, 1, '37', '2018-11-30 13:55:26'),
	(326, 1, '28', '2018-11-30 13:55:26'),
	(327, 1, '30', '2018-11-30 13:55:26'),
	(328, 1, '24', '2018-11-30 13:55:26'),
	(329, 1, '30', '2018-11-30 13:55:26'),
	(330, 1, '35', '2018-11-30 13:55:26'),
	(331, 1, '30', '2018-11-30 13:55:26'),
	(332, 1, '21', '2018-11-30 13:55:26'),
	(333, 1, '36', '2018-11-30 13:55:26'),
	(334, 1, '33', '2018-11-30 13:55:26'),
	(335, 1, '20', '2018-11-30 13:55:26'),
	(336, 1, '21', '2018-11-30 13:55:26'),
	(337, 1, '38', '2018-11-30 13:55:26'),
	(338, 1, '25', '2018-11-30 13:55:26'),
	(339, 1, '34', '2018-11-30 13:55:26'),
	(340, 1, '29', '2018-11-30 13:55:26'),
	(341, 1, '30', '2018-11-30 13:55:26'),
	(342, 1, '36', '2018-11-30 13:55:26'),
	(343, 1, '37', '2018-11-30 13:55:26'),
	(344, 1, '29', '2018-11-30 13:55:26'),
	(345, 1, '37', '2018-11-30 13:55:26'),
	(346, 1, '28', '2018-11-30 13:55:26'),
	(347, 1, '34', '2018-11-30 13:55:26'),
	(348, 1, '28', '2018-11-30 13:55:26'),
	(349, 1, '20', '2018-11-30 13:55:26'),
	(350, 1, '36', '2018-11-30 13:55:26'),
	(351, 1, '36', '2018-11-30 13:55:26'),
	(352, 1, '38', '2018-11-30 13:55:26'),
	(353, 1, '30', '2018-11-30 13:55:26'),
	(354, 1, '23', '2018-11-30 13:55:26'),
	(355, 1, '24', '2018-11-30 13:55:26'),
	(356, 1, '24', '2018-11-30 13:55:26'),
	(357, 1, '20', '2018-11-30 13:55:26'),
	(358, 1, '38', '2018-11-30 13:55:27'),
	(359, 1, '21', '2018-11-30 13:55:27'),
	(360, 1, '28', '2018-11-30 13:55:27'),
	(361, 1, '22', '2018-11-30 13:55:27'),
	(362, 1, '29', '2018-11-30 13:55:27'),
	(363, 1, '22', '2018-11-30 13:55:27'),
	(364, 1, '33', '2018-11-30 13:55:27'),
	(365, 1, '32', '2018-11-30 13:55:27'),
	(366, 1, '24', '2018-11-30 13:55:27'),
	(367, 1, '31', '2018-11-30 13:55:27'),
	(368, 1, '36', '2018-11-30 13:55:27'),
	(369, 1, '23', '2018-11-30 13:55:27'),
	(370, 1, '27', '2018-11-30 13:55:27'),
	(371, 1, '26', '2018-11-30 13:55:27'),
	(372, 1, '25', '2018-11-30 13:55:27'),
	(373, 1, '34', '2018-11-30 13:55:27'),
	(374, 1, '27', '2018-11-30 13:55:27'),
	(375, 1, '20', '2018-11-30 13:55:27'),
	(376, 1, '20', '2018-11-30 13:55:27'),
	(377, 1, '20', '2018-11-30 13:55:27'),
	(378, 1, '29', '2018-11-30 13:55:27'),
	(379, 1, '38', '2018-11-30 13:55:27'),
	(380, 1, '21', '2018-11-30 13:55:27'),
	(381, 1, '29', '2018-11-30 13:55:27'),
	(382, 1, '37', '2018-11-30 13:55:27'),
	(383, 1, '27', '2018-11-30 13:55:27'),
	(384, 1, '27', '2018-11-30 13:55:27'),
	(385, 1, '29', '2018-11-30 13:55:27'),
	(386, 1, '31', '2018-11-30 13:55:27'),
	(387, 1, '26', '2018-11-30 13:55:27'),
	(388, 1, '36', '2018-11-30 13:55:27'),
	(389, 1, '28', '2018-11-30 13:55:27'),
	(390, 1, '36', '2018-11-30 13:55:27'),
	(391, 1, '38', '2018-11-30 13:55:27'),
	(392, 1, '20', '2018-11-30 13:55:27'),
	(393, 1, '24', '2018-11-30 13:55:27'),
	(394, 1, '26', '2018-11-30 13:55:27'),
	(395, 1, '30', '2018-11-30 13:55:27'),
	(396, 1, '20', '2018-11-30 13:55:27'),
	(397, 1, '22', '2018-11-30 13:55:27'),
	(398, 1, '29', '2018-11-30 13:55:27'),
	(399, 1, '34', '2018-11-30 13:55:27'),
	(400, 1, '20', '2018-11-30 13:55:27'),
	(401, 1, '34', '2018-11-30 13:55:27'),
	(402, 1, '28', '2018-11-30 13:55:27'),
	(403, 1, '20', '2018-11-30 13:55:27'),
	(404, 1, '32', '2018-11-30 13:55:27'),
	(405, 1, '38', '2018-11-30 13:55:27'),
	(406, 1, '20', '2018-11-30 13:55:27'),
	(407, 1, '29', '2018-11-30 13:55:27'),
	(408, 1, '27', '2018-11-30 13:55:27'),
	(409, 1, '37', '2018-11-30 13:55:27'),
	(410, 1, '22', '2018-11-30 13:55:27'),
	(411, 1, '28', '2018-11-30 13:55:27'),
	(412, 1, '28', '2018-11-30 13:55:27'),
	(413, 1, '22', '2018-11-30 13:55:27'),
	(414, 1, '21', '2018-11-30 13:55:27'),
	(415, 1, '34', '2018-11-30 13:55:27'),
	(416, 1, '26', '2018-11-30 13:55:27'),
	(417, 1, '20', '2018-11-30 13:55:27'),
	(418, 1, '35', '2018-11-30 13:55:27'),
	(419, 1, '20', '2018-11-30 13:55:27'),
	(420, 1, '22', '2018-11-30 13:55:27'),
	(421, 1, '29', '2018-11-30 13:55:27'),
	(422, 1, '32', '2018-11-30 13:55:27'),
	(423, 1, '30', '2018-11-30 13:55:27'),
	(424, 1, '25', '2018-11-30 13:55:27'),
	(425, 1, '27', '2018-11-30 13:55:27'),
	(426, 1, '38', '2018-11-30 13:55:27'),
	(427, 1, '22', '2018-11-30 13:55:27'),
	(428, 1, '37', '2018-11-30 13:55:27'),
	(429, 1, '20', '2018-11-30 13:55:27'),
	(430, 1, '37', '2018-11-30 13:55:27'),
	(431, 1, '23', '2018-11-30 13:55:27'),
	(432, 1, '35', '2018-11-30 13:55:27'),
	(433, 1, '27', '2018-11-30 13:55:27'),
	(434, 1, '21', '2018-11-30 13:55:27'),
	(435, 1, '28', '2018-11-30 13:55:27'),
	(436, 1, '25', '2018-11-30 13:55:27'),
	(437, 1, '29', '2018-11-30 13:55:27'),
	(438, 1, '24', '2018-11-30 13:55:27'),
	(439, 1, '25', '2018-11-30 13:55:27'),
	(440, 1, '24', '2018-11-30 13:55:27'),
	(441, 1, '38', '2018-11-30 13:55:27'),
	(442, 1, '24', '2018-11-30 13:55:27'),
	(443, 1, '27', '2018-11-30 13:55:27'),
	(444, 1, '31', '2018-11-30 13:55:27'),
	(445, 1, '30', '2018-11-30 13:55:27'),
	(446, 1, '25', '2018-11-30 13:55:27'),
	(447, 1, '33', '2018-11-30 13:55:27'),
	(448, 1, '20', '2018-11-30 13:55:27'),
	(449, 1, '37', '2018-11-30 13:55:27'),
	(450, 1, '34', '2018-11-30 13:55:27'),
	(451, 1, '25', '2018-11-30 13:55:27'),
	(452, 1, '25', '2018-11-30 13:55:27'),
	(453, 1, '38', '2018-11-30 13:55:27'),
	(454, 1, '34', '2018-11-30 13:55:27'),
	(455, 1, '20', '2018-11-30 13:55:27'),
	(456, 1, '37', '2018-11-30 13:55:27'),
	(457, 1, '34', '2018-11-30 13:55:27'),
	(458, 1, '36', '2018-11-30 13:55:27'),
	(459, 1, '28', '2018-11-30 13:55:27'),
	(460, 1, '32', '2018-11-30 13:55:27'),
	(461, 1, '21', '2018-11-30 13:55:27'),
	(462, 1, '23', '2018-11-30 13:55:27'),
	(463, 1, '28', '2018-11-30 13:55:27'),
	(464, 1, '27', '2018-11-30 13:55:27'),
	(465, 1, '32', '2018-11-30 13:55:27'),
	(466, 1, '33', '2018-11-30 13:55:27'),
	(467, 1, '31', '2018-11-30 13:55:27'),
	(468, 1, '20', '2018-11-30 13:55:27'),
	(469, 1, '36', '2018-11-30 13:55:27'),
	(470, 1, '21', '2018-11-30 13:55:27'),
	(471, 1, '38', '2018-11-30 13:55:27'),
	(472, 1, '31', '2018-11-30 13:55:27'),
	(473, 1, '35', '2018-11-30 13:55:27'),
	(474, 1, '22', '2018-11-30 13:55:27'),
	(475, 1, '25', '2018-11-30 13:55:27'),
	(476, 1, '26', '2018-11-30 13:55:27'),
	(477, 1, '26', '2018-11-30 13:55:27'),
	(478, 1, '32', '2018-11-30 13:55:27'),
	(479, 1, '22', '2018-11-30 13:55:27'),
	(480, 1, '24', '2018-11-30 13:55:27'),
	(481, 1, '28', '2018-11-30 13:55:27'),
	(482, 1, '34', '2018-11-30 13:55:27'),
	(483, 1, '33', '2018-11-30 13:55:27'),
	(484, 1, '35', '2018-11-30 13:55:27'),
	(485, 1, '23', '2018-11-30 13:55:27'),
	(486, 1, '25', '2018-11-30 13:55:27'),
	(487, 1, '22', '2018-11-30 13:55:27'),
	(488, 1, '38', '2018-11-30 13:55:27'),
	(489, 1, '25', '2018-11-30 13:55:27'),
	(490, 1, '30', '2018-11-30 13:55:27'),
	(491, 1, '28', '2018-11-30 13:55:27'),
	(492, 1, '35', '2018-11-30 13:55:27'),
	(493, 1, '21', '2018-11-30 13:55:27'),
	(494, 1, '26', '2018-11-30 13:55:27'),
	(495, 1, '23', '2018-11-30 13:55:27'),
	(496, 1, '35', '2018-11-30 13:55:27'),
	(497, 1, '25', '2018-11-30 13:55:27'),
	(498, 1, '36', '2018-11-30 13:55:27'),
	(499, 1, '25', '2018-11-30 13:55:27'),
	(500, 1, '27', '2018-11-30 13:55:27'),
	(501, 1, '35', '2018-11-30 13:55:27'),
	(502, 1, '31', '2018-11-30 13:55:27'),
	(503, 1, '38', '2018-11-30 13:55:27'),
	(504, 1, '32', '2018-11-30 13:55:27'),
	(505, 1, '25', '2018-11-30 13:55:27'),
	(506, 1, '27', '2018-11-30 13:55:27'),
	(507, 1, '35', '2018-11-30 13:55:27'),
	(508, 1, '25', '2018-11-30 13:55:27'),
	(509, 1, '35', '2018-11-30 13:55:27'),
	(510, 1, '22', '2018-11-30 13:55:27'),
	(511, 1, '33', '2018-11-30 13:55:27'),
	(512, 1, '22', '2018-11-30 13:55:27'),
	(513, 1, '34', '2018-11-30 13:55:27'),
	(514, 1, '31', '2018-11-30 13:55:27'),
	(515, 1, '38', '2018-11-30 13:55:27'),
	(516, 1, '21', '2018-11-30 13:55:27'),
	(517, 1, '31', '2018-11-30 13:55:27'),
	(518, 1, '38', '2018-11-30 13:55:27'),
	(519, 1, '32', '2018-11-30 13:55:27'),
	(520, 1, '34', '2018-11-30 13:55:27'),
	(521, 1, '23', '2018-11-30 13:55:27'),
	(522, 1, '25', '2018-11-30 13:55:27'),
	(523, 1, '24', '2018-11-30 13:55:27'),
	(524, 1, '25', '2018-11-30 13:55:27'),
	(525, 1, '26', '2018-11-30 13:55:27'),
	(526, 1, '31', '2018-11-30 13:55:27'),
	(527, 1, '24', '2018-11-30 13:55:27'),
	(528, 1, '21', '2018-11-30 13:55:27'),
	(529, 1, '33', '2018-11-30 13:55:27'),
	(530, 1, '33', '2018-11-30 13:55:27'),
	(531, 1, '33', '2018-11-30 13:55:27'),
	(532, 1, '38', '2018-11-30 13:55:27'),
	(533, 1, '24', '2018-11-30 13:55:27'),
	(534, 1, '25', '2018-11-30 13:55:27'),
	(535, 1, '36', '2018-11-30 13:55:27'),
	(536, 1, '23', '2018-11-30 13:55:27'),
	(537, 1, '21', '2018-11-30 13:55:27'),
	(538, 1, '37', '2018-11-30 13:55:27'),
	(539, 1, '24', '2018-11-30 13:55:27'),
	(540, 1, '25', '2018-11-30 13:55:27'),
	(541, 1, '23', '2018-11-30 13:55:27'),
	(542, 1, '33', '2018-11-30 13:55:27'),
	(543, 1, '27', '2018-11-30 13:55:27'),
	(544, 1, '26', '2018-11-30 13:55:27'),
	(545, 1, '29', '2018-11-30 13:55:27'),
	(546, 1, '23', '2018-11-30 13:55:27'),
	(547, 1, '22', '2018-11-30 13:55:27'),
	(548, 1, '32', '2018-11-30 13:55:27'),
	(549, 1, '25', '2018-11-30 13:55:27'),
	(550, 1, '38', '2018-11-30 13:55:27'),
	(551, 1, '36', '2018-11-30 13:55:27'),
	(552, 1, '27', '2018-11-30 13:55:27'),
	(553, 1, '21', '2018-11-30 13:55:27'),
	(554, 1, '27', '2018-11-30 13:55:27'),
	(555, 1, '38', '2018-11-30 13:55:27'),
	(556, 1, '23', '2018-11-30 13:55:27'),
	(557, 1, '30', '2018-11-30 13:55:27'),
	(558, 1, '35', '2018-11-30 13:55:27'),
	(559, 1, '37', '2018-11-30 13:55:27'),
	(560, 1, '37', '2018-11-30 13:55:27'),
	(561, 1, '28', '2018-11-30 13:55:27'),
	(562, 1, '32', '2018-11-30 13:55:27'),
	(563, 1, '29', '2018-11-30 13:55:27'),
	(564, 1, '23', '2018-11-30 13:55:27'),
	(565, 1, '27', '2018-11-30 13:55:27'),
	(566, 1, '20', '2018-11-30 13:55:27'),
	(567, 1, '33', '2018-11-30 13:55:27'),
	(568, 1, '27', '2018-11-30 13:55:27'),
	(569, 1, '23', '2018-11-30 13:55:27'),
	(570, 1, '37', '2018-11-30 13:55:27'),
	(571, 1, '21', '2018-11-30 13:55:27'),
	(572, 1, '34', '2018-11-30 13:55:27'),
	(573, 1, '26', '2018-11-30 13:55:27'),
	(574, 1, '32', '2018-11-30 13:55:27'),
	(575, 1, '34', '2018-11-30 13:55:27'),
	(576, 1, '33', '2018-11-30 13:55:27'),
	(577, 1, '30', '2018-11-30 13:55:27'),
	(578, 1, '38', '2018-11-30 13:55:27'),
	(579, 1, '35', '2018-11-30 13:55:27'),
	(580, 1, '29', '2018-11-30 13:55:27'),
	(581, 1, '31', '2018-11-30 13:55:27'),
	(582, 1, '33', '2018-11-30 13:55:27'),
	(583, 1, '30', '2018-11-30 13:55:27'),
	(584, 1, '27', '2018-11-30 13:55:27'),
	(585, 1, '30', '2018-11-30 13:55:27'),
	(586, 1, '21', '2018-11-30 13:55:27'),
	(587, 1, '30', '2018-11-30 13:55:27'),
	(588, 1, '20', '2018-11-30 13:55:27'),
	(589, 1, '28', '2018-11-30 13:55:27'),
	(590, 1, '32', '2018-11-30 13:55:27'),
	(591, 1, '36', '2018-11-30 13:55:27'),
	(592, 1, '27', '2018-11-30 13:55:27'),
	(593, 1, '35', '2018-11-30 13:55:27'),
	(594, 1, '23', '2018-11-30 13:55:27'),
	(595, 1, '21', '2018-11-30 13:55:27'),
	(596, 1, '29', '2018-11-30 13:55:27'),
	(597, 1, '36', '2018-11-30 13:55:27'),
	(598, 1, '23', '2018-11-30 13:55:27'),
	(599, 1, '37', '2018-11-30 13:55:27'),
	(600, 1, '24', '2018-11-30 13:55:27'),
	(601, 1, '22', '2018-11-30 13:55:27'),
	(602, 1, '31', '2018-11-30 13:55:27'),
	(603, 1, '38', '2018-11-30 13:55:27'),
	(604, 1, '37', '2018-11-30 13:55:27'),
	(605, 1, '36', '2018-11-30 13:55:27'),
	(606, 1, '23', '2018-11-30 13:55:27'),
	(607, 1, '34', '2018-11-30 13:55:27'),
	(608, 1, '20', '2018-11-30 13:55:27'),
	(609, 1, '29', '2018-11-30 13:55:27'),
	(610, 1, '28', '2018-11-30 13:55:27'),
	(611, 1, '35', '2018-11-30 13:55:27'),
	(612, 1, '22', '2018-11-30 13:55:27'),
	(613, 1, '33', '2018-11-30 13:55:27'),
	(614, 1, '31', '2018-11-30 13:55:27'),
	(615, 1, '37', '2018-11-30 13:55:27'),
	(616, 1, '33', '2018-11-30 13:55:27'),
	(617, 1, '37', '2018-11-30 13:55:27'),
	(618, 1, '20', '2018-11-30 13:55:27'),
	(619, 1, '35', '2018-11-30 13:55:27'),
	(620, 1, '31', '2018-11-30 13:55:27'),
	(621, 1, '31', '2018-11-30 13:55:27'),
	(622, 1, '36', '2018-11-30 13:55:27'),
	(623, 1, '22', '2018-11-30 13:55:27'),
	(624, 1, '36', '2018-11-30 13:55:27'),
	(625, 1, '37', '2018-11-30 13:55:27'),
	(626, 1, '34', '2018-11-30 13:55:27'),
	(627, 1, '33', '2018-11-30 13:55:27'),
	(628, 1, '35', '2018-11-30 13:55:28'),
	(629, 1, '31', '2018-11-30 13:55:28'),
	(630, 1, '27', '2018-11-30 13:55:28'),
	(631, 1, '36', '2018-11-30 13:55:28'),
	(632, 1, '38', '2018-11-30 13:55:28'),
	(633, 1, '31', '2018-11-30 13:55:28'),
	(634, 1, '29', '2018-11-30 13:55:28'),
	(635, 1, '36', '2018-11-30 13:55:28'),
	(636, 1, '29', '2018-11-30 13:55:28'),
	(637, 1, '21', '2018-11-30 13:55:28'),
	(638, 1, '24', '2018-11-30 13:55:28'),
	(639, 1, '27', '2018-11-30 13:55:28'),
	(640, 1, '28', '2018-11-30 13:55:28'),
	(641, 1, '30', '2018-11-30 13:55:28'),
	(642, 1, '30', '2018-11-30 13:55:28'),
	(643, 1, '20', '2018-11-30 13:55:28'),
	(644, 1, '30', '2018-11-30 13:55:28'),
	(645, 1, '24', '2018-11-30 13:55:28'),
	(646, 1, '29', '2018-11-30 13:55:28'),
	(647, 1, '35', '2018-11-30 13:55:28'),
	(648, 1, '38', '2018-11-30 13:55:28'),
	(649, 1, '20', '2018-11-30 13:55:28'),
	(650, 1, '33', '2018-11-30 13:55:28'),
	(651, 1, '33', '2018-11-30 13:55:28'),
	(652, 1, '28', '2018-11-30 13:55:28'),
	(653, 1, '36', '2018-11-30 13:55:28'),
	(654, 1, '28', '2018-11-30 13:55:28'),
	(655, 1, '20', '2018-11-30 13:55:28'),
	(656, 1, '33', '2018-11-30 13:55:28'),
	(657, 1, '37', '2018-11-30 13:55:28'),
	(658, 1, '33', '2018-11-30 13:55:28'),
	(659, 1, '29', '2018-11-30 13:55:28'),
	(660, 1, '38', '2018-11-30 13:55:28'),
	(661, 1, '20', '2018-11-30 13:55:28'),
	(662, 1, '29', '2018-11-30 13:55:28'),
	(663, 1, '34', '2018-11-30 13:55:28'),
	(664, 1, '20', '2018-11-30 13:55:28'),
	(665, 1, '37', '2018-11-30 13:55:28'),
	(666, 1, '24', '2018-11-30 13:55:28'),
	(667, 1, '34', '2018-11-30 13:55:28'),
	(668, 1, '36', '2018-11-30 13:55:28'),
	(669, 1, '35', '2018-11-30 13:55:28'),
	(670, 1, '25', '2018-11-30 13:55:28'),
	(671, 1, '22', '2018-11-30 13:55:28'),
	(672, 1, '28', '2018-11-30 13:55:28'),
	(673, 1, '21', '2018-11-30 13:55:28'),
	(674, 1, '38', '2018-11-30 13:55:28'),
	(675, 1, '35', '2018-11-30 13:55:28'),
	(676, 1, '28', '2018-11-30 13:55:28'),
	(677, 1, '35', '2018-11-30 13:55:28'),
	(678, 1, '21', '2018-11-30 13:55:28'),
	(679, 1, '34', '2018-11-30 13:55:28'),
	(680, 1, '29', '2018-11-30 13:55:28'),
	(681, 1, '31', '2018-11-30 13:55:28'),
	(682, 1, '22', '2018-11-30 13:55:28'),
	(683, 1, '38', '2018-11-30 13:55:28'),
	(684, 1, '23', '2018-11-30 13:55:28'),
	(685, 1, '35', '2018-11-30 13:55:28'),
	(686, 1, '20', '2018-11-30 13:55:28'),
	(687, 1, '27', '2018-11-30 13:55:28'),
	(688, 1, '34', '2018-11-30 13:55:28'),
	(689, 1, '32', '2018-11-30 13:55:28'),
	(690, 1, '29', '2018-11-30 13:55:28'),
	(691, 1, '37', '2018-11-30 13:55:28'),
	(692, 1, '25', '2018-11-30 13:55:28'),
	(693, 1, '28', '2018-11-30 13:55:28'),
	(694, 1, '38', '2018-11-30 13:55:28'),
	(695, 1, '29', '2018-11-30 13:55:28'),
	(696, 1, '24', '2018-11-30 13:55:28'),
	(697, 1, '20', '2018-11-30 13:55:28'),
	(698, 1, '22', '2018-11-30 13:55:28'),
	(699, 1, '37', '2018-11-30 13:55:28'),
	(700, 1, '29', '2018-11-30 13:55:28'),
	(701, 1, '30', '2018-11-30 13:55:28'),
	(702, 1, '29', '2018-11-30 13:55:28'),
	(703, 1, '36', '2018-11-30 13:55:28'),
	(704, 1, '26', '2018-11-30 13:55:28'),
	(705, 1, '35', '2018-11-30 13:55:28'),
	(706, 1, '32', '2018-11-30 13:55:28'),
	(707, 1, '35', '2018-11-30 13:55:28'),
	(708, 1, '34', '2018-11-30 13:55:28'),
	(709, 1, '34', '2018-11-30 13:55:28'),
	(710, 1, '29', '2018-11-30 13:55:28'),
	(711, 1, '22', '2018-11-30 13:55:28'),
	(712, 1, '24', '2018-11-30 13:55:28'),
	(713, 1, '27', '2018-11-30 13:55:28'),
	(714, 1, '32', '2018-11-30 13:55:28'),
	(715, 1, '34', '2018-11-30 13:55:28'),
	(716, 1, '21', '2018-11-30 13:55:28'),
	(717, 1, '21', '2018-11-30 13:55:28'),
	(718, 1, '30', '2018-11-30 13:55:28'),
	(719, 1, '22', '2018-11-30 13:55:28'),
	(720, 1, '28', '2018-11-30 13:55:28'),
	(721, 1, '24', '2018-11-30 13:55:28'),
	(722, 1, '34', '2018-11-30 13:55:28'),
	(723, 1, '34', '2018-11-30 13:55:28'),
	(724, 1, '29', '2018-11-30 13:55:28'),
	(725, 1, '34', '2018-11-30 13:55:28'),
	(726, 1, '25', '2018-11-30 13:55:28'),
	(727, 1, '38', '2018-11-30 13:55:28'),
	(728, 1, '35', '2018-11-30 13:55:28'),
	(729, 1, '35', '2018-11-30 13:55:28'),
	(730, 1, '27', '2018-11-30 13:55:28'),
	(731, 1, '33', '2018-11-30 13:55:28'),
	(732, 1, '20', '2018-11-30 13:55:28'),
	(733, 1, '27', '2018-11-30 13:55:28'),
	(734, 1, '37', '2018-11-30 13:55:28'),
	(735, 1, '38', '2018-11-30 13:55:28'),
	(736, 1, '37', '2018-11-30 13:55:28'),
	(737, 1, '25', '2018-11-30 13:55:28'),
	(738, 1, '29', '2018-11-30 13:55:28'),
	(739, 1, '32', '2018-11-30 13:55:28'),
	(740, 1, '21', '2018-11-30 13:55:28'),
	(741, 1, '24', '2018-11-30 13:55:28'),
	(742, 1, '33', '2018-11-30 13:55:28'),
	(743, 1, '31', '2018-11-30 13:55:28'),
	(744, 1, '24', '2018-11-30 13:55:28'),
	(745, 1, '35', '2018-11-30 13:55:28'),
	(746, 1, '32', '2018-11-30 13:55:28'),
	(747, 1, '32', '2018-11-30 13:55:28'),
	(748, 1, '30', '2018-11-30 13:55:28'),
	(749, 1, '38', '2018-11-30 13:55:28'),
	(750, 1, '23', '2018-11-30 13:55:28'),
	(751, 1, '37', '2018-11-30 13:55:28'),
	(752, 1, '33', '2018-11-30 13:55:28'),
	(753, 1, '30', '2018-11-30 13:55:28'),
	(754, 1, '24', '2018-11-30 13:55:28'),
	(755, 1, '31', '2018-11-30 13:55:28'),
	(756, 1, '23', '2018-11-30 13:55:28'),
	(757, 1, '30', '2018-11-30 13:55:28'),
	(758, 1, '27', '2018-11-30 13:55:28'),
	(759, 1, '25', '2018-11-30 13:55:28'),
	(760, 1, '24', '2018-11-30 13:55:28'),
	(761, 1, '23', '2018-11-30 13:55:28'),
	(762, 1, '28', '2018-11-30 13:55:28'),
	(763, 1, '24', '2018-11-30 13:55:28'),
	(764, 1, '33', '2018-11-30 13:55:28'),
	(765, 1, '33', '2018-11-30 13:55:28'),
	(766, 1, '31', '2018-11-30 13:55:28'),
	(767, 1, '35', '2018-11-30 13:55:28'),
	(768, 1, '23', '2018-11-30 13:55:28'),
	(769, 1, '26', '2018-11-30 13:55:28'),
	(770, 1, '25', '2018-11-30 13:55:28'),
	(771, 1, '36', '2018-11-30 13:55:28'),
	(772, 1, '20', '2018-11-30 13:55:28'),
	(773, 1, '22', '2018-11-30 13:55:28'),
	(774, 1, '21', '2018-11-30 13:55:28'),
	(775, 1, '37', '2018-11-30 13:55:28'),
	(776, 1, '38', '2018-11-30 13:55:28'),
	(777, 1, '21', '2018-11-30 13:55:28'),
	(778, 1, '25', '2018-11-30 13:55:28'),
	(779, 1, '31', '2018-11-30 13:55:28'),
	(780, 1, '31', '2018-11-30 13:55:28'),
	(781, 1, '31', '2018-11-30 13:55:28'),
	(782, 1, '33', '2018-11-30 13:55:28'),
	(783, 1, '32', '2018-11-30 13:55:28'),
	(784, 1, '23', '2018-11-30 13:55:28'),
	(785, 1, '22', '2018-11-30 13:55:28'),
	(786, 1, '25', '2018-11-30 13:55:28'),
	(787, 1, '29', '2018-11-30 13:55:28'),
	(788, 1, '20', '2018-11-30 13:55:28'),
	(789, 1, '31', '2018-11-30 13:55:28'),
	(790, 1, '32', '2018-11-30 13:55:28'),
	(791, 1, '22', '2018-11-30 13:55:28'),
	(792, 1, '21', '2018-11-30 13:55:28'),
	(793, 1, '21', '2018-11-30 13:55:28'),
	(794, 1, '35', '2018-11-30 13:55:28'),
	(795, 1, '30', '2018-11-30 13:55:28'),
	(796, 1, '27', '2018-11-30 13:55:28'),
	(797, 1, '29', '2018-11-30 13:55:28'),
	(798, 1, '27', '2018-11-30 13:55:28'),
	(799, 1, '24', '2018-11-30 13:55:28'),
	(800, 1, '35', '2018-11-30 13:55:28'),
	(801, 1, '33', '2018-11-30 13:55:28'),
	(802, 1, '25', '2018-11-30 13:55:28'),
	(803, 1, '23', '2018-11-30 13:55:28'),
	(804, 1, '24', '2018-11-30 13:55:28'),
	(805, 1, '25', '2018-11-30 13:55:28'),
	(806, 1, '31', '2018-11-30 13:55:28'),
	(807, 1, '37', '2018-11-30 13:55:28'),
	(808, 1, '20', '2018-11-30 13:55:28'),
	(809, 1, '38', '2018-11-30 13:55:28'),
	(810, 1, '37', '2018-11-30 13:55:28'),
	(811, 1, '25', '2018-11-30 13:55:28'),
	(812, 1, '38', '2018-11-30 13:55:28'),
	(813, 1, '37', '2018-11-30 13:55:28'),
	(814, 1, '37', '2018-11-30 13:55:28'),
	(815, 1, '30', '2018-11-30 13:55:28'),
	(816, 1, '36', '2018-11-30 13:55:28'),
	(817, 1, '24', '2018-11-30 13:55:28'),
	(818, 1, '21', '2018-11-30 13:55:28'),
	(819, 1, '30', '2018-11-30 13:55:28'),
	(820, 1, '21', '2018-11-30 13:55:28'),
	(821, 1, '23', '2018-11-30 13:55:28'),
	(822, 1, '35', '2018-11-30 13:55:28'),
	(823, 1, '23', '2018-11-30 13:55:28'),
	(824, 1, '21', '2018-11-30 13:55:28'),
	(825, 1, '23', '2018-11-30 13:55:28'),
	(826, 1, '25', '2018-11-30 13:55:28'),
	(827, 1, '28', '2018-11-30 13:55:28'),
	(828, 1, '27', '2018-11-30 13:55:28'),
	(829, 1, '36', '2018-11-30 13:55:28'),
	(830, 1, '20', '2018-11-30 13:55:28'),
	(831, 1, '27', '2018-11-30 13:55:28'),
	(832, 1, '37', '2018-11-30 13:55:28'),
	(833, 1, '21', '2018-11-30 13:55:28'),
	(834, 1, '34', '2018-11-30 13:55:28'),
	(835, 1, '34', '2018-11-30 13:55:28'),
	(836, 1, '26', '2018-11-30 13:55:28'),
	(837, 1, '25', '2018-11-30 13:55:28'),
	(838, 1, '26', '2018-11-30 13:55:28'),
	(839, 1, '31', '2018-11-30 13:55:28'),
	(840, 1, '38', '2018-11-30 13:55:28'),
	(841, 1, '26', '2018-11-30 13:55:28'),
	(842, 1, '24', '2018-11-30 13:55:28'),
	(843, 1, '36', '2018-11-30 13:55:28'),
	(844, 1, '20', '2018-11-30 13:55:28'),
	(845, 1, '32', '2018-11-30 13:55:28'),
	(846, 1, '31', '2018-11-30 13:55:28'),
	(847, 1, '27', '2018-11-30 13:55:28'),
	(848, 1, '30', '2018-11-30 13:55:28'),
	(849, 1, '25', '2018-11-30 13:55:28'),
	(850, 1, '26', '2018-11-30 13:55:28'),
	(851, 1, '31', '2018-11-30 13:55:28'),
	(852, 1, '24', '2018-11-30 13:55:28'),
	(853, 1, '24', '2018-11-30 13:55:28'),
	(854, 1, '32', '2018-11-30 13:55:28'),
	(855, 1, '36', '2018-11-30 13:55:28'),
	(856, 1, '25', '2018-11-30 13:55:28'),
	(857, 1, '38', '2018-11-30 13:55:28'),
	(858, 1, '24', '2018-11-30 13:55:28'),
	(859, 1, '31', '2018-11-30 13:55:28'),
	(860, 1, '33', '2018-11-30 13:55:28'),
	(861, 1, '27', '2018-11-30 13:55:28'),
	(862, 1, '33', '2018-11-30 13:55:28'),
	(863, 1, '28', '2018-11-30 13:55:28'),
	(864, 1, '32', '2018-11-30 13:55:28'),
	(865, 1, '35', '2018-11-30 13:55:28'),
	(866, 1, '34', '2018-11-30 13:55:28'),
	(867, 1, '38', '2018-11-30 13:55:28'),
	(868, 1, '33', '2018-11-30 13:55:28'),
	(869, 1, '37', '2018-11-30 13:55:28'),
	(870, 1, '35', '2018-11-30 13:55:28'),
	(871, 1, '27', '2018-11-30 13:55:28'),
	(872, 1, '26', '2018-11-30 13:55:28'),
	(873, 1, '34', '2018-11-30 13:55:28'),
	(874, 1, '30', '2018-11-30 13:55:28'),
	(875, 1, '38', '2018-11-30 13:55:28'),
	(876, 1, '23', '2018-11-30 13:55:28'),
	(877, 1, '24', '2018-11-30 13:55:28'),
	(878, 1, '33', '2018-11-30 13:55:28'),
	(879, 1, '23', '2018-11-30 13:55:28'),
	(880, 1, '28', '2018-11-30 13:55:28'),
	(881, 1, '34', '2018-11-30 13:55:28'),
	(882, 1, '32', '2018-11-30 13:55:28'),
	(883, 1, '35', '2018-11-30 13:55:28'),
	(884, 1, '30', '2018-11-30 13:55:28'),
	(885, 1, '32', '2018-11-30 13:55:28'),
	(886, 1, '31', '2018-11-30 13:55:28'),
	(887, 1, '36', '2018-11-30 13:55:28'),
	(888, 1, '35', '2018-11-30 13:55:28'),
	(889, 1, '26', '2018-11-30 13:55:28'),
	(890, 1, '29', '2018-11-30 13:55:28'),
	(891, 1, '24', '2018-11-30 13:55:28'),
	(892, 1, '38', '2018-11-30 13:55:28'),
	(893, 1, '20', '2018-11-30 13:55:28'),
	(894, 1, '22', '2018-11-30 13:55:28'),
	(895, 1, '29', '2018-11-30 13:55:28'),
	(896, 1, '36', '2018-11-30 13:55:28'),
	(897, 1, '33', '2018-11-30 13:55:28'),
	(898, 1, '21', '2018-11-30 13:55:28'),
	(899, 1, '20', '2018-11-30 13:55:28'),
	(900, 1, '32', '2018-11-30 13:55:28'),
	(901, 1, '32', '2018-11-30 13:55:28'),
	(902, 1, '34', '2018-11-30 13:55:28'),
	(903, 1, '27', '2018-11-30 13:55:28'),
	(904, 1, '37', '2018-11-30 13:55:28'),
	(905, 1, '25', '2018-11-30 13:55:28'),
	(906, 1, '37', '2018-11-30 13:55:29'),
	(907, 1, '30', '2018-11-30 13:55:29'),
	(908, 1, '34', '2018-11-30 13:55:29'),
	(909, 1, '21', '2018-11-30 13:55:29'),
	(910, 1, '34', '2018-11-30 13:55:29'),
	(911, 1, '32', '2018-11-30 13:55:29'),
	(912, 1, '34', '2018-11-30 13:55:29'),
	(913, 1, '24', '2018-11-30 13:55:29'),
	(914, 1, '37', '2018-11-30 13:55:29'),
	(915, 1, '38', '2018-11-30 13:55:29'),
	(916, 1, '28', '2018-11-30 13:55:29'),
	(917, 1, '28', '2018-11-30 13:55:29'),
	(918, 1, '21', '2018-11-30 13:55:29'),
	(919, 1, '24', '2018-11-30 13:55:29'),
	(920, 1, '29', '2018-11-30 13:55:29'),
	(921, 1, '29', '2018-11-30 13:55:29'),
	(922, 1, '27', '2018-11-30 13:55:29'),
	(923, 1, '31', '2018-11-30 13:55:29'),
	(924, 1, '32', '2018-11-30 13:55:29'),
	(925, 1, '38', '2018-11-30 13:55:29'),
	(926, 1, '25', '2018-11-30 13:55:29'),
	(927, 1, '21', '2018-11-30 13:55:29'),
	(928, 1, '37', '2018-11-30 13:55:29'),
	(929, 1, '21', '2018-11-30 13:55:29'),
	(930, 1, '30', '2018-11-30 13:55:29'),
	(931, 1, '25', '2018-11-30 13:55:29'),
	(932, 1, '22', '2018-11-30 13:55:29'),
	(933, 1, '30', '2018-11-30 13:55:29'),
	(934, 1, '31', '2018-11-30 13:55:29'),
	(935, 1, '38', '2018-11-30 13:55:29'),
	(936, 1, '20', '2018-11-30 13:55:29'),
	(937, 1, '33', '2018-11-30 13:55:29'),
	(938, 1, '34', '2018-11-30 13:55:29'),
	(939, 1, '37', '2018-11-30 13:55:29'),
	(940, 1, '33', '2018-11-30 13:55:29'),
	(941, 1, '31', '2018-11-30 13:55:29'),
	(942, 1, '21', '2018-11-30 13:55:29'),
	(943, 1, '28', '2018-11-30 13:55:29'),
	(944, 1, '32', '2018-11-30 13:55:29'),
	(945, 1, '23', '2018-11-30 13:55:29'),
	(946, 1, '28', '2018-11-30 13:55:29'),
	(947, 1, '34', '2018-11-30 13:55:29'),
	(948, 1, '37', '2018-11-30 13:55:29'),
	(949, 1, '22', '2018-11-30 13:55:29'),
	(950, 1, '27', '2018-11-30 13:55:29'),
	(951, 1, '27', '2018-11-30 13:55:29'),
	(952, 1, '36', '2018-11-30 13:55:29'),
	(953, 1, '29', '2018-11-30 13:55:29'),
	(954, 1, '24', '2018-11-30 13:55:29'),
	(955, 1, '35', '2018-11-30 13:55:29'),
	(956, 1, '26', '2018-11-30 13:55:29'),
	(957, 1, '24', '2018-11-30 13:55:29'),
	(958, 1, '33', '2018-11-30 13:55:29'),
	(959, 1, '37', '2018-11-30 13:55:29'),
	(960, 1, '27', '2018-11-30 13:55:29'),
	(961, 1, '37', '2018-11-30 13:55:29'),
	(962, 1, '27', '2018-11-30 13:55:29'),
	(963, 1, '28', '2018-11-30 13:55:29'),
	(964, 1, '26', '2018-11-30 13:55:29'),
	(965, 1, '38', '2018-11-30 13:55:29'),
	(966, 1, '24', '2018-11-30 13:55:29'),
	(967, 1, '32', '2018-11-30 13:55:29'),
	(968, 1, '34', '2018-11-30 13:55:29'),
	(969, 1, '37', '2018-11-30 13:55:29'),
	(970, 1, '26', '2018-11-30 13:55:29'),
	(971, 1, '30', '2018-11-30 13:55:29'),
	(972, 1, '28', '2018-11-30 13:55:29'),
	(973, 1, '38', '2018-11-30 13:55:29'),
	(974, 1, '26', '2018-11-30 13:55:29'),
	(975, 1, '28', '2018-11-30 13:55:29'),
	(976, 1, '21', '2018-11-30 13:55:29'),
	(977, 1, '33', '2018-11-30 13:55:29'),
	(978, 1, '28', '2018-11-30 13:55:29'),
	(979, 1, '24', '2018-11-30 13:55:29'),
	(980, 1, '27', '2018-11-30 13:55:29'),
	(981, 1, '37', '2018-11-30 13:55:29'),
	(982, 1, '34', '2018-11-30 13:55:29'),
	(983, 1, '21', '2018-11-30 13:55:29'),
	(984, 1, '29', '2018-11-30 13:55:29'),
	(985, 1, '21', '2018-11-30 13:55:29'),
	(986, 1, '22', '2018-11-30 13:55:29'),
	(987, 1, '29', '2018-11-30 13:55:29'),
	(988, 1, '26', '2018-11-30 13:55:29'),
	(989, 1, '37', '2018-11-30 13:55:29'),
	(990, 1, '36', '2018-11-30 13:55:29'),
	(991, 1, '24', '2018-11-30 13:55:29'),
	(992, 1, '38', '2018-11-30 13:55:29'),
	(993, 1, '27', '2018-11-30 13:55:29'),
	(994, 1, '36', '2018-11-30 13:55:29'),
	(995, 1, '32', '2018-11-30 13:55:29'),
	(996, 1, '21', '2018-11-30 13:55:29'),
	(997, 1, '36', '2018-11-30 13:55:29'),
	(998, 1, '34', '2018-11-30 13:55:29'),
	(999, 1, '38', '2018-11-30 13:55:29'),
	(1000, 1, '35', '2018-11-30 13:55:29');
/*!40000 ALTER TABLE `temperature` ENABLE KEYS */;

-- Dumping structure for table airduino_db.user
CREATE TABLE IF NOT EXISTS `user` (
  `id` int(11) NOT NULL AUTO_INCREMENT,
  `first_name` varchar(50) DEFAULT NULL,
  `last_name` varchar(50) DEFAULT NULL,
  `username` varchar(50) DEFAULT NULL,
  `password` varchar(50) DEFAULT NULL,
  `timestamp_created` timestamp NULL DEFAULT CURRENT_TIMESTAMP,
  PRIMARY KEY (`id`),
  UNIQUE KEY `username` (`username`)
) ENGINE=InnoDB AUTO_INCREMENT=5 DEFAULT CHARSET=latin1;

-- Dumping data for table airduino_db.user: ~2 rows (approximately)
/*!40000 ALTER TABLE `user` DISABLE KEYS */;
INSERT INTO `user` (`id`, `first_name`, `last_name`, `username`, `password`, `timestamp_created`) VALUES
	(1, 'Juan', 'Dela Cruz', 'juandelacruz', '$2y$10$rpdCNfj8L2XuKU.w9cSlv.UN/ieVADMwQcmoebjcOOY', '2018-11-30 09:32:51'),
	(4, 'Andresito', 'de Guzman', 'andresitodeguzman', '$2y$10$ovMmvS7Fs2Ex0yEXNB/ZG..womhFLewMP5w1sch5Ddb', '2018-11-30 11:24:44');
/*!40000 ALTER TABLE `user` ENABLE KEYS */;

/*!40101 SET SQL_MODE=IFNULL(@OLD_SQL_MODE, '') */;
/*!40014 SET FOREIGN_KEY_CHECKS=IF(@OLD_FOREIGN_KEY_CHECKS IS NULL, 1, @OLD_FOREIGN_KEY_CHECKS) */;
/*!40101 SET CHARACTER_SET_CLIENT=@OLD_CHARACTER_SET_CLIENT */;
